-- phpMyAdmin SQL Dump
-- version 5.2.1
-- https://www.phpmyadmin.net/
--
-- Host: 127.0.0.1
-- Generation Time: Aug 27, 2025 at 11:49 AM
-- Server version: 10.4.32-MariaDB
-- PHP Version: 8.2.12

SET SQL_MODE = "NO_AUTO_VALUE_ON_ZERO";
START TRANSACTION;
SET time_zone = "+00:00";


/*!40101 SET @OLD_CHARACTER_SET_CLIENT=@@CHARACTER_SET_CLIENT */;
/*!40101 SET @OLD_CHARACTER_SET_RESULTS=@@CHARACTER_SET_RESULTS */;
/*!40101 SET @OLD_COLLATION_CONNECTION=@@COLLATION_CONNECTION */;
/*!40101 SET NAMES utf8mb4 */;

--
-- Database: `motovault`
--

-- --------------------------------------------------------

--
-- Table structure for table `admin`
--

CREATE TABLE `admin` (
  `aid` int(255) NOT NULL,
  `name` char(255) NOT NULL,
  `email` varchar(255) NOT NULL,
  `password` varchar(255) NOT NULL,
  `phone_number` bigint(255) NOT NULL,
  `reg_date` timestamp NOT NULL DEFAULT current_timestamp()
) ENGINE=InnoDB DEFAULT CHARSET=utf8mb4 COLLATE=utf8mb4_general_ci;

--
-- Dumping data for table `admin`
--

INSERT INTO `admin` (`aid`, `name`, `email`, `password`, `phone_number`, `reg_date`) VALUES
(2, 'Admin', 'admin@gmail.com', 'Admin@123', 9880000000, '2024-12-19 10:08:02');

-- --------------------------------------------------------

--
-- Table structure for table `brands`
--

CREATE TABLE `brands` (
  `brand_id` int(11) NOT NULL,
  `name` varchar(255) NOT NULL,
  `image` varchar(255) NOT NULL,
  `brand_discount_percent` int(11) DEFAULT 0,
  `brand_desc` text DEFAULT NULL
) ENGINE=InnoDB DEFAULT CHARSET=utf8mb4 COLLATE=utf8mb4_general_ci;

--
-- Dumping data for table `brands`
--

INSERT INTO `brands` (`brand_id`, `name`, `image`, `brand_discount_percent`, `brand_desc`) VALUES
(1, 'AGV', 'agv-seeklogo-3.svg', 12, 'AGV is a renowned Italian brand that has been at the forefront of motorcycle helmet innovation since its founding in 1947. With a legacy deeply rooted in motorsports, AGV has earned global recognition for producing high-performance helmets that emphasize safety, comfort, and cutting-edge design. The brand has been closely associated with legendary racers, most notably Valentino Rossi, and continues to lead the industry through constant technological advancements, aerodynamic research, and stylish aesthetics. Whether on the track or the road, AGV helmets are trusted by riders who demand top-tier protection and performance.'),
(2, 'Shoei', 'shoei.svg', NULL, 'Shoei is a prestigious Japanese helmet manufacturer known worldwide for its commitment to craftsmanship, safety, and innovation. Established in 1959, Shoei has built a strong reputation in both racing and everyday riding communities by consistently delivering helmets that combine advanced technology with exceptional comfort and style. The brand invests heavily in research and development, utilizing cutting-edge materials and aerodynamic designs to provide superior protection. Trusted by professional racers and casual riders alike, Shoei helmets are synonymous with quality and reliability in the motorcycle gear industry.'),
(3, 'LS2', 'ls2.svg', NULL, 'LS2 is a dynamic global helmet brand that has quickly gained recognition for offering high-quality, innovative, and affordable motorcycle helmets. Founded in 2007, LS2 focuses on blending advanced safety features with modern design and comfort, catering to a wide range of riders from beginners to professionals. The brand emphasizes rigorous testing and certification to meet international safety standards, while also integrating the latest materials and ventilation systems. LS2’s commitment to performance and value makes it a popular choice for riders seeking reliable protection without compromising style or budget.'),
(4, 'Axor', 'axor.svg', NULL, 'Axor is a well-established motorcycle helmet brand known for providing reliable and affordable protective gear tailored to riders worldwide. With a focus on blending safety, comfort, and contemporary design, Axor offers a diverse range of helmets suitable for various riding styles, from urban commuting to sport riding. The brand emphasizes meeting international safety standards while incorporating features like aerodynamic shapes, effective ventilation, and durable materials. Axor’s helmets appeal to riders who want trustworthy protection combined with good value and stylish looks.'),
(5, 'HJC', 'hjc.svg', NULL, 'HJC is a leading South Korean helmet manufacturer recognized globally for its dedication to quality, safety, and innovation. Founded in 1971, HJC has grown to become one of the largest helmet producers in the world, offering a wide range of helmets for motorcyclists of all levels. The brand is known for integrating advanced materials, aerodynamic designs, and cutting-edge technology to ensure maximum protection and comfort. HJC helmets are widely used in professional racing as well as everyday riding, making the brand a trusted choice for riders seeking dependable performance and value.'),
(6, 'Airoh', 'airoh.svg', NULL, 'Airoh is an Italian helmet brand celebrated for its passion for motorsports and dedication to cutting-edge design and safety. Since its establishment in 1997, Airoh has quickly risen to prominence by combining high-quality materials with innovative technology to produce helmets that offer superior protection and comfort. The brand is especially popular among off-road and adventure riders, thanks to its focus on lightweight construction and advanced ventilation systems. Airoh helmets are trusted by professional racers and enthusiasts alike, reflecting the brand’s commitment to performance, style, and rider safety.'),
(7, 'Alpinestars', 'alpine.svg', 15, 'Airoh is an Italian helmet brand celebrated for its passion for motorsports and dedication to cutting-edge design and safety. Since its establishment in 1997, Airoh has quickly risen to prominence by combining high-quality materials with innovative technology to produce helmets that offer superior protection and comfort. The brand is especially popular among off-road and adventure riders, thanks to its focus on lightweight construction and advanced ventilation systems. Airoh helmets are trusted by professional racers and enthusiasts alike, reflecting the brand’s commitment to performance, style, and rider safety.'),
(8, 'Akrapovic', 'akrapovic.svg', NULL, 'Akrapovič is a prestigious Slovenian manufacturer known worldwide for its high-performance exhaust systems, primarily for motorcycles and sports cars. Founded in 1990, the brand has earned a reputation for combining advanced engineering with lightweight materials like titanium and carbon fiber to deliver superior power, sound, and durability. Akrapovič exhausts are favored by professional racers and enthusiasts alike for their innovation, quality craftsmanship, and ability to enhance both performance and aesthetics. The brand’s cutting-edge technology and racing heritage make it a leader in the aftermarket performance industry.'),
(9, 'Arai', 'arai.svg', NULL, 'Arai is a distinguished Japanese helmet manufacturer with a long-standing reputation for exceptional safety, craftsmanship, and comfort. Founded in 1926, Arai has become one of the most respected names in the motorcycle helmet industry, known for its meticulous hand-built production process and rigorous safety testing. The brand focuses on creating helmets that offer superior impact protection, ventilation, and fit, appealing to both professional racers and everyday riders. With a commitment to innovation and quality, Arai helmets continue to set high standards in rider safety and performance worldwide.'),
(10, 'M2R', 'm2r.svg', NULL, 'Arai is a distinguished Japanese helmet manufacturer with a long-standing reputation for exceptional safety, craftsmanship, and comfort. Founded in 1926, Arai has become one of the most respected names in the motorcycle helmet industry, known for its meticulous hand-built production process and rigorous safety testing. The brand focuses on creating helmets that offer superior impact protection, ventilation, and fit, appealing to both professional racers and everyday riders. With a commitment to innovation and quality, Arai helmets continue to set high standards in rider safety and performance worldwide.'),
(11, 'Brembo', 'brembo.svg', NULL, 'Brembo is a globally acclaimed Italian company specializing in high-performance braking systems for motorcycles, cars, and racing vehicles. Founded in 1961, Brembo has become synonymous with cutting-edge technology, precision engineering, and superior stopping power. The brand is a preferred choice in motorsports and among performance enthusiasts due to its innovative brake calipers, discs, and master cylinders that deliver exceptional reliability and control. Brembo’s commitment to quality and innovation has made it a leader in the automotive and motorcycle braking industry worldwide.'),
(12, 'Suzuki', 'suzuki.svg', NULL, 'Suzuki is a renowned Japanese multinational corporation with a rich history in manufacturing motorcycles, automobiles, and outboard motors. Established in 1909, Suzuki has grown into one of the world’s leading motorcycle brands, celebrated for producing reliable, versatile, and affordable bikes that cater to a wide range of riders—from beginners to seasoned professionals. The company is known for blending innovative technology with performance and durability, making it a popular choice across global markets. Suzuki’s commitment to quality and rider satisfaction has earned it a strong reputation in both the motorcycle and automotive industries.'),
(14, 'No Brand', 'question.png', NULL, ''),
(15, 'Bell', 'bell.jpg', NULL, 'Bell is a pioneering American helmet manufacturer known for its long-standing legacy in motorcycle, motorsport, and bicycle safety gear. Founded in 1954, Bell revolutionized helmet design by introducing innovative features that significantly improved rider protection. The brand offers a wide range of helmets that combine cutting-edge technology, comfort, and style to meet the demands of professional racers and everyday riders alike. Bell’s commitment to safety, quality, and performance has made it a trusted name in helmets worldwide.'),
(16, 'ProTaper', 'Pro Taper.png', NULL, 'ProTaper is a leading brand in the motorcycle industry, specializing in high-quality handlebars, grips, and control components designed for motocross, off-road, and street riders. Known for its innovation and durability, ProTaper products are engineered to provide superior strength, comfort, and control, helping riders enhance their performance and handling. The brand has earned a strong reputation among professional racers and enthusiasts alike for delivering reliable, precision-crafted parts that can withstand the toughest riding conditions. ProTaper continues to be a go-to choice for riders seeking top-tier motorcycle controls and accessories.'),
(17, 'Shark', 'shark_helmets.png', 11, 'Shark is a prominent French helmet manufacturer recognized for its innovative designs, advanced safety features, and stylish aesthetics. Since its founding in 1986, Shark has been dedicated to producing helmets that meet the highest safety standards while offering exceptional comfort and performance for both street and racing riders. The brand is known for integrating cutting-edge materials and technologies, such as aerodynamic shapes and efficient ventilation systems. Trusted by professional racers and everyday motorcyclists alike, Shark continues to push the boundaries of helmet design with a focus on protection and rider experience.'),
(18, 'Vesrah', 'Vesrah Logo Vector.png', NULL, 'Vesrah is a respected Japanese brand specializing in high-quality motorcycle brake pads and clutch components. With decades of experience, Vesrah is known for producing durable, reliable parts that deliver excellent stopping power and smooth performance under various riding conditions. The brand caters to a wide range of motorcycles, from everyday riders to high-performance machines, emphasizing precision engineering and strict quality control. Vesrah’s commitment to safety and durability has made it a trusted choice for motorcyclists worldwide seeking dependable braking and clutch solutions.'),
(19, 'Liqui Molly', 'Liqui-Molly.png', NULL, 'Liqui Moly is a renowned German company specializing in high-performance lubricants, oils, and additives for motorcycles, cars, and industrial applications. Founded in 1957, Liqui Moly has built a strong reputation for producing premium-quality products that enhance engine performance, protect components, and extend vehicle life. The brand is popular among riders and mechanics alike for its innovative formulas and commitment to rigorous testing. With a wide range of oils, fuel additives, and maintenance products, Liqui Moly continues to be a trusted name in automotive and motorcycle care worldwide.'),
(20, 'Kadoya', 'kadoya.png', NULL, 'Established during World War II, Kadoya is a motorcycle gears manufacturer based in Tokyo, Japan with a heritage that spans for almost a century. Notorious for their amazing craft for leather specialty goods catering to bikers or motorcycles enthusiast. Their legacy consistently exists without change because of their proud philosophy that plays a part in the core of Japanese manufacturing. Similar to the previously posted ‘Hayabusa’ jacket, the particular model was custom-made for racing members of “STEALTH Racing”, a renowned Japanese automobile hardware manufacturer that specializes in innovative wheels model. The jacket is constructed with a premium cowhide leather as base, featuring thick motorcycle paddings throughout front, back and elbow for safety purposes, comes with adjustable side waist and YKK hardware.'),
(21, 'O\'neal', 'oneal.png', NULL, 'O\'Neal is a well-known American brand specializing in motocross and off-road riding gear, apparel, and accessories. Founded in 1970, O’Neal has become synonymous with rugged durability, innovative design, and rider-focused performance. The brand offers a comprehensive range of products including helmets, jerseys, pants, gloves, and protective gear designed to meet the demands of both amateur and professional riders. With a strong commitment to safety and comfort, O’Neal continues to be a trusted choice for off-road enthusiasts worldwide.'),
(22, 'MT Helmets', 'MTHelmets.png', NULL, 'MT Helmets is a rapidly growing Spanish brand recognized for producing affordable, reliable, and stylish motorcycle helmets. Since its founding in 1968, MT Helmets has focused on combining modern design with advanced safety features to cater to a wide range of riders—from casual commuters to sport enthusiasts. The brand emphasizes rigorous quality testing and innovation, offering helmets that meet international safety standards without compromising on comfort or aesthetics. MT Helmets has earned a solid reputation worldwide for delivering excellent value and dependable protection.'),
(23, 'Rizoma', 'Rizaoma.png', NULL, 'Rizoma is a premium Italian brand renowned for its high-end motorcycle accessories and components. Established in 1997, Rizoma has built a reputation for combining cutting-edge design with exceptional craftsmanship, offering products such as handlebars, mirrors, footpegs, and controls that enhance both the aesthetics and performance of motorcycles. Known for using high-quality materials like aluminum and carbon fiber, Rizoma accessories are favored by riders and custom builders who seek stylish, durable, and innovative solutions. The brand’s commitment to precision and style makes it a leader in the premium motorcycle parts market.'),
(24, 'Motul', 'Motul.png', NULL, 'Motul is a globally respected French brand specializing in high-performance lubricants, oils, and maintenance products for motorcycles, cars, and industrial machinery. With a history dating back to 1853, Motul has long been a pioneer in lubrication technology, including the development of fully synthetic motor oils. Known for its strong presence in motorsports and partnerships with top racing teams, Motul focuses on innovation, engine protection, and environmental responsibility. Riders and mechanics worldwide trust Motul for its exceptional quality, consistency, and ability to enhance engine performance and longevity.'),
(25, 'K-Tech', 'KTech.png', NULL, 'K-Tech is a UK-based brand specializing in high-performance motorcycle suspension systems and components. Renowned for its precision engineering and racing pedigree, K-Tech provides top-tier suspension solutions for road, track, and off-road motorcycles. The brand offers a wide range of products including shock absorbers, fork cartridges, and tuning parts that are trusted by professional racers and enthusiasts alike. With a strong focus on innovation, quality, and performance, K-Tech has established itself as a leading name in motorcycle suspension, helping riders achieve superior handling, comfort, and control.'),
(26, 'Yoshimura', 'Yoshimura.jpg', NULL, 'Yoshimura is a legendary Japanese-American brand known for its high-performance exhaust systems and tuning components for motorcycles. Founded in 1954 by Hideo \"Pops\" Yoshimura, the company has deep roots in motorsport and has played a significant role in shaping modern motorcycle racing. Yoshimura exhausts are renowned for their exceptional build quality, performance gains, and distinctive sound. With operations in both Japan and the U.S., the brand supports top-level racing teams while also offering products for street and off-road riders. Yoshimura continues to set the standard in aftermarket motorcycle performance and engineering excellence.'),
(27, 'Bridgestone', 'Bridgestone-Logo.png', NULL, 'Bridgestone is a globally recognized Japanese brand and one of the largest tire manufacturers in the world. Established in 1931, Bridgestone has built a strong reputation for producing high-performance, durable, and reliable tires for a wide range of vehicles—including motorcycles, cars, trucks, and industrial machinery. In the motorcycle world, Bridgestone is known for its advanced tire technology, offering excellent grip, handling, and longevity for both street and track riders. With a strong presence in motorsports and continuous investment in research and development, Bridgestone remains a trusted choice for riders seeking safety, performance, and innovation on every ride.'),
(28, 'Michelin', 'Michelin.jpg', NULL, 'Michelin is a world-renowned French tire manufacturer celebrated for its innovation, performance, and commitment to safety. Founded in 1889, Michelin has been at the forefront of tire technology for over a century, producing high-quality tires for motorcycles, automobiles, and industrial vehicles. In the motorcycle sector, Michelin is known for its exceptional grip, durability, and handling across a variety of terrains—from everyday street riding to high-performance racing and off-road adventures. With a strong presence in MotoGP and other motorsport arenas, Michelin continues to push the boundaries of tire performance, making it a trusted brand for riders around the globe.'),
(29, 'Rynox', 'Rynox.png', NULL, 'Rynox is a rapidly emerging Indian brand known for producing high-quality motorcycle riding gear and accessories designed for protection, comfort, and functionality. Founded with the goal of making world-class gear accessible to riders in India and beyond, Rynox offers a wide range of products including riding jackets, pants, gloves, luggage systems, and rainwear. The brand focuses on innovation, durability, and value for money, incorporating safety features like CE-certified armor and weather-resistant materials. With a strong reputation among touring and adventure riders, Rynox is fast becoming a go-to choice for dependable and thoughtfully designed riding gear.'),
(30, 'Dainese', 'Dainese-Logo.jpg', NULL, 'Dainese is a prestigious Italian brand globally acclaimed for its premium motorcycle gear and protective equipment. Founded in 1972, Dainese has been a pioneer in introducing advanced safety innovations such as back protectors, airbag systems, and abrasion-resistant materials, all while maintaining a strong focus on ergonomic design and style. Worn by top MotoGP riders and loved by enthusiasts, Dainese offers a wide range of high-performance products including leather suits, jackets, gloves, boots, and impact protection. With a commitment to pushing the boundaries of safety and comfort, Dainese continues to set the standard in motorcycle apparel and rider protection.'),
(31, 'Kavach', 'Kavach.png', NULL, 'Kavach is an emerging Indian brand focused on delivering reliable and affordable motorcycle riding gear designed for everyday riders and commuters. Known for its practical approach to safety, Kavach offers a range of products such as riding jackets, gloves, and protective wear that prioritize essential features like impact protection, comfort, and weather resistance. The brand aims to make protective gear more accessible without compromising on quality, making it a popular choice among budget-conscious riders seeking dependable gear for daily use and short tours.'),
(32, 'TR Tiger', 'TRTiger.png', NULL, 'TR Tiger is a growing motorcycle gear and accessories brand that caters to riders looking for durable, functional, and affordable products. Known for its range of riding jackets, gloves, luggage systems, and protective equipment, TR Tiger focuses on delivering value-driven gear designed for everyday commuting as well as long-distance touring. The brand emphasizes practical design, rider comfort, and essential safety features, making it a popular choice among new and experienced motorcyclists seeking dependable gear without a premium price tag.'),
(33, 'Motowolf', 'Motowolf.webp', NULL, 'Motowolf is a popular motorcycle accessories and gear brand known for offering practical, affordable, and rider-friendly products. Originating from China, Motowolf has built a strong presence in the global market by focusing on everyday riding essentials such as gloves, jackets, mobile mounts, handlebar accessories, protective gear, and travel equipment. The brand is appreciated for its functional design, decent build quality, and value-for-money pricing, making it especially attractive to urban riders and touring enthusiasts. Motowolf continues to grow as a go-to brand for motorcyclists seeking accessible and reliable riding solutions.'),
(34, 'ScorpionEXO', 'ScorpionEXO.png', NULL, 'ScorpionEXO is a prominent helmet brand known for its innovative designs, advanced safety features, and bold styling. Founded in the United States, ScorpionEXO combines cutting-edge technology with competitive pricing to offer helmets that appeal to a wide range of riders, from casual commuters to serious sportbike enthusiasts. The brand emphasizes comfort, aerodynamics, and impact protection, integrating features like advanced ventilation systems and high-quality materials. ScorpionEXO helmets have gained popularity worldwide for delivering reliable performance and modern aesthetics at an accessible price point.');

-- --------------------------------------------------------

--
-- Table structure for table `categories`
--

CREATE TABLE `categories` (
  `category_id` int(11) NOT NULL,
  `name` varchar(255) NOT NULL,
  `image` varchar(255) NOT NULL
) ENGINE=InnoDB DEFAULT CHARSET=utf8mb4 COLLATE=utf8mb4_general_ci;

--
-- Dumping data for table `categories`
--

INSERT INTO `categories` (`category_id`, `name`, `image`) VALUES
(2, 'Helmets', 'full.png'),
(4, 'Riding Gear', 'gear.png'),
(5, 'Parts', 'parts.png'),
(6, 'Accessories', 'phone.png'),
(7, 'Motorbike', 'motorbike.png');

-- --------------------------------------------------------

--
-- Table structure for table `c_orders`
--

CREATE TABLE `c_orders` (
  `prim_id` int(255) NOT NULL,
  `bulk_id` int(255) NOT NULL,
  `user_id` int(11) NOT NULL,
  `product_id` int(255) NOT NULL,
  `name` char(255) NOT NULL,
  `email` varchar(255) NOT NULL,
  `ph_num` bigint(10) NOT NULL,
  `alt_ph_num` bigint(10) NOT NULL,
  `prod_name` varchar(255) NOT NULL,
  `prod_price` int(255) NOT NULL,
  `prod_quantity` int(255) NOT NULL,
  `street_name` varchar(255) NOT NULL,
  `tole` varchar(255) NOT NULL,
  `municipality` char(255) NOT NULL,
  `district` char(255) NOT NULL,
  `payment_method` char(255) NOT NULL,
  `placed_date` timestamp NOT NULL DEFAULT current_timestamp() ON UPDATE current_timestamp(),
  `completed_date` timestamp NOT NULL DEFAULT current_timestamp()
) ENGINE=InnoDB DEFAULT CHARSET=utf8mb4 COLLATE=utf8mb4_general_ci;

--
-- Dumping data for table `c_orders`
--

INSERT INTO `c_orders` (`prim_id`, `bulk_id`, `user_id`, `product_id`, `name`, `email`, `ph_num`, `alt_ph_num`, `prod_name`, `prod_price`, `prod_quantity`, `street_name`, `tole`, `municipality`, `district`, `payment_method`, `placed_date`, `completed_date`) VALUES
(11, 28021671, 16, 43, 'Chris', 'chrisbhaila5@gmail.com', 9844379971, 0, 'ACF Handlebar', 16000, 2, 'Suryabinayak', 'Sipadol', 'Suryabinayak', 'Bhaktapur', 'Cash-on-Delivery', '2025-02-28 15:22:26', '2025-02-28 15:22:46'),
(12, 28021671, 16, 61, 'Chris', 'chrisbhaila5@gmail.com', 9844379971, 0, 'GP-R7 1PC Leather Suit', 160000, 1, 'Suryabinayak', 'Sipadol', 'Suryabinayak', 'Bhaktapur', 'Cash-on-Delivery', '2025-02-28 15:22:26', '2025-02-28 15:22:46'),
(13, 28021671, 16, 12, 'Chris', 'chrisbhaila5@gmail.com', 9844379971, 0, 'SOMAN Balaclava', 800, 7, 'Suryabinayak', 'Sipadol', 'Suryabinayak', 'Bhaktapur', 'Cash-on-Delivery', '2025-02-28 15:22:26', '2025-02-28 15:22:46'),
(14, 28021657, 16, 56, 'Chris', 'chrisbhaila5@gmail.com', 9844379971, 0, 'RCB HG66 Handle Grip Grey', 1500, 5, 'Suryabinayak', 'Sipadol', 'Suryabinayak', 'Bhaktapur', 'Cash-on-Delivery', '2025-02-28 17:00:21', '2025-02-28 17:00:40'),
(15, 1031694, 16, 58, 'Chris', 'chrisbhaila5@gmail.com', 9844379971, 0, 'JPA R15 V3/V4 Integrated Taillight', 7000, 1, 'Suryabinayak', 'Sipadol', 'Suryabinayak', 'Bhaktapur', 'Cash-on-Delivery', '2025-03-01 05:04:28', '2025-03-01 05:04:38'),
(16, 1031694, 16, 57, 'Chris', 'chrisbhaila5@gmail.com', 9844379971, 0, 'Vesrah Ceramic Disc Brake pad for KTM ALL /ROYAL ENFIELD ALL/ BAJAJ ALL/ BMW ALL SD-953 (Rear)', 2300, 1, 'Suryabinayak', 'Sipadol', 'Suryabinayak', 'Bhaktapur', 'Cash-on-Delivery', '2025-03-01 05:04:28', '2025-03-01 05:04:38'),
(17, 25021782, 17, 54, 'John Doe', 'johndoe@gmail.com', 9801010101, 0, 'LS2 Drifter Gloss White', 12499, 1, 'Oakridge Lane', 'Greenview Heights', 'Willowbrook Township', 'Crestwood', 'Cash-on-Delivery', '2025-02-25 05:34:11', '2025-02-25 05:34:56'),
(18, 25021782, 17, 12, 'John Doe', 'johndoe@gmail.com', 9801010101, 0, 'SOMAN Balaclava', 800, 4, 'Oakridge Lane', 'Greenview Heights', 'Willowbrook Township', 'Crestwood', 'Cash-on-Delivery', '2025-02-25 05:34:11', '2025-02-25 05:34:56'),
(19, 1031924, 19, 53, 'Ava Clark', 'avaclark@gmail.com', 9803030303, 0, 'Shark VFX-EVO', 60000, 1, 'Main Road', 'Basantapur', 'Kathmandu', 'Kathmandu', 'Cash-on-Delivery', '2025-03-01 17:59:16', '2025-03-01 17:59:39'),
(20, 2031871, 18, 63, 'James Wilson', 'jameswilson@gmail.com', 9820202020, 0, 'KADOYA K’s Leather Early 00s ‘STEALTH’ Padded Leather Motorcycle Jacket', 90000, 1, 'Elm Street', 'Elm Street', 'Springfield', 'Massachussets', 'Cash-on-Delivery', '2025-03-02 15:24:18', '2025-03-02 15:24:29'),
(21, 2031871, 18, 64, 'James Wilson', 'jameswilson@gmail.com', 9820202020, 0, 'O’neal Matrix Ridewear Black Pants', 14385, 1, 'Elm Street', 'Elm Street', 'Springfield', 'Massachussets', 'Cash-on-Delivery', '2025-03-02 15:24:18', '2025-03-02 15:24:29'),
(22, 8041670, 16, 8, 'Chris', 'chrisbhaila5@gmail.com', 9844379971, 0, 'AGV PISTA GP RR Performante Carbon', 250000, 1, 'pataan', 'nyadhal', 'lalitpur', 'Lalitpur', 'Cash-on-Delivery', '2025-04-08 04:55:23', '2025-05-28 14:26:52'),
(23, 3081615, 16, 50032, 'Chris', 'chrisbhaila5@gmail.com', 9844379971, 0, 'Motowolf MDL1904 Black Balaclava Mask', 1000, 2, 'Suryabinayak', 'Sipadol', 'Suryabinayak', 'Bhaktapur', 'Cash-on-Delivery', '2025-08-03 06:26:57', '2025-08-03 06:27:22'),
(24, 3081615, 16, 50001, 'Chris', 'chrisbhaila5@gmail.com', 9844379971, 0, 'LS2 Smoke Visor for LS2 Rapid Full Face Motorcycle Helmet', 1400, 1, 'Suryabinayak', 'Sipadol', 'Suryabinayak', 'Bhaktapur', 'Cash-on-Delivery', '2025-08-03 06:26:57', '2025-08-03 06:27:22'),
(25, 3081615, 16, 50003, 'Chris', 'chrisbhaila5@gmail.com', 9844379971, 0, 'Rizoma 1 1/8″ Handlebar', 14000, 1, 'Suryabinayak', 'Sipadol', 'Suryabinayak', 'Bhaktapur', 'Cash-on-Delivery', '2025-08-03 06:26:57', '2025-08-03 06:27:22'),
(26, 7081622, 16, 7, 'Chris', 'chrisbhaila5@gmail.com', 9844379971, 0, 'AGV PISTA GP R Winter Test 2018', 193600, 1, 'Suryabinayak', 'Sipadol', 'Suryabinayak', 'Bhaktapur', 'Cash-on-Delivery', '2025-08-07 03:38:05', '2025-08-07 03:41:15'),
(27, 18082050, 20, 63, 'Ava Clark', 'avaclark@gmail.com', 9840404040, 0, 'KADOYA K’s Leather Early 00s ‘STEALTH’ Padded Leather Motorcycle Jacket', 90000, 1, 'Suryabinayak', 'Sipadol', 'Suryabinayak', 'Bhaktapur', 'Cash-on-Delivery', '2025-08-18 12:41:01', '2025-08-19 12:54:46');

-- --------------------------------------------------------

--
-- Table structure for table `motoproducts`
--

CREATE TABLE `motoproducts` (
  `product_id` int(11) NOT NULL,
  `name` varchar(255) NOT NULL,
  `price` int(11) NOT NULL,
  `brand_fid` int(11) NOT NULL,
  `category_fid` int(11) NOT NULL,
  `sub_cat_fid` int(255) NOT NULL,
  `stock` int(11) NOT NULL,
  `description` text DEFAULT NULL,
  `features` text DEFAULT NULL,
  `image` varchar(255) NOT NULL,
  `timestamp` timestamp NOT NULL DEFAULT current_timestamp(),
  `discount_percent` int(11) DEFAULT 0
) ENGINE=InnoDB DEFAULT CHARSET=utf8mb4 COLLATE=utf8mb4_general_ci;

--
-- Dumping data for table `motoproducts`
--

INSERT INTO `motoproducts` (`product_id`, `name`, `price`, `brand_fid`, `category_fid`, `sub_cat_fid`, `stock`, `description`, `features`, `image`, `timestamp`, `discount_percent`) VALUES
(7, 'AGV PISTA GP R Winter Test 2018', 220000, 1, 2, 1, 2, '100% carbon fiber helmet offering unparalleled lightweight performance. The evolution of the groundbreaking Pista GP, the Moto GP helmet, it\'s the most protective helmet ever developed. Its new ', 'Double buckle closure.!\r\nHydration system fully integrated into the helmet, developed in MotoGP.!\r\nRoto-translational system in the mechanism for a perfect fit of the screen to the helmet.!\r\nEmergency release system of the side padding in the event of an accident, to facilitate helmet removal by medical personnel.    ', 'AGV PISTA GP R Winter Test 2018.jpg', '2025-05-29 15:38:32', NULL),
(8, 'AGV PISTA GP RR Performante Carbon', 250000, 1, 2, 1, 0, 'Pista GP RR is an exact replica of the AGV helmet used in races by world champions. It has therefore received the new FIM homologation, which certifies the highest possible level of protection, even against any dangerous twisting of the head. Due to the exclusive AGV Extreme Safety design protocol, Pista GP RR already exceeds the requirements of the strict ECE22.06 homologation.', '100% carbon fiber! 190° panoramic vision! 85° vertical vision! Exclusive 360° Adaptive Fit system', 'Pista GP RR Performante Carbon.webp', '2025-05-29 15:38:32', 12),
(9, 'Airoh MARTYX Nytro Glossy', 60000, 6, 2, 1, 0, 'Determined, aggressive, self-confident. The new Matryx is the ideal travel companion to face any adventure, even the most demanding.', 'Determined, aggressive.!Self-confident; The ideal travel mate for any adventure!\r\nECE 2206 approved!\r\nCombines style, comfort and safety without neglecting even the smallest detail', 'MARTYX Nytro.jpg', '2025-05-29 15:38:32', NULL),
(10, 'AXOR Retro Dominator Black', 13500, 4, 2, 1, 25, 'Retro Helmets are with a classic-legendary look. Retro’s are especially worn on traditional engines such as choppers, bobbers, cafe-racers, and many more. It is a complete entry-level full-face helmet with modern safety and production advancement with industrials standards in performance and style.', 'Fiberglass composite shell!\r\nChin air vent!\r\nDOT certified!\r\nHypoallergenic Liner!\r\nMulti-Density EPS liner!\r\nLeather Neck Roll', 'Axor Retro Dominator.webp', '2025-05-29 15:38:32', NULL),
(12, 'SOMAN Balaclava', 800, 14, 4, 19, 87, 'This balaclava is made of high quality elastic fabric  to produce good quality outdoor sports masks which provide premium performance for breathability, absorbency, wicking, very soft and lightweight, stay warm and dry.', 'Material: High quality elastic fabric!\r\nColor: Black!\r\nStyle Unisex!\r\nLightweight', 'SOMAN Balaclava.png', '2025-05-29 15:38:32', NULL),
(13, 'AXOR Jet Half', 5250, 4, 2, 4, 25, 'Traditional stitched Genuine leather edge trim and interior.', 'Genuine leather interiors and trims!\r\nReinforced strap and double D ring!\r\nRemovable, washable and anti-bacterial interior!\r\nWeighs up-to 1000 grams!\r\nDOT certified', 'Axor Jet Half.png', '2025-05-29 15:38:32', NULL),
(14, 'Akrapovič Exhaust For Honda CBR600RR 2024 ', 130000, 8, 5, 17, 2, 'This product is created and designed using race-proven materials, with a high-grade lightweight titanium muffler, stainless-steel link pipe, and carbon-fibre end cap. It provides performance gains predominately in the mid and high rev ranges, with a power increase of 1.0 kW (1.4 hp) at 7,600 rpm and a torque increase of 1.0 Nm at 7,500 rpm, when compared to a Honda CBR600RR equipped with a standard stock exhaust system and tested on the Akrapovič dyno. Lightweight materials provide a weight reduction of 35.9% (1.6 kg) against the standard stock exhaust.', 'Power: +1.0 kW at 7600 rpm!\r\nTorque: +1.4Nm at 7500 rpm!\r\nWeight: -1.6kg', 'Honda Akrapovic.png', '2025-05-29 15:38:32', NULL),
(15, 'Bell V3 RS Scans Helmet', 95000, 15, 2, 5, 5, 'As the most technologically advanced motocross helmet out there, the lightweight V3 RS Scans Helmet is packed with next-level features that align with your performance demands. Designed with Mips® Integra Split impact protection plus a dual-density Varizorb™ EPS liner that spreads forces of impact across a wider surface area, the V3 RS provides the kind of protection every racer needs in the heat of the moment.', 'Mips® Integra Split impact protection system equipped!\r\nCarbon fiber shell provides increased impact resistance while reducing weight!\r\n4 exhaust vents on the top of the helmet to aid in cooling!\r\nCompatible with most helmet communication systems', 'V3 RS Scans.webp', '2025-05-29 15:38:32', NULL),
(43, 'ACF Handlebar', 16000, 16, 5, 12, 5, 'The ProTaper ACF Handlebar uses a revolutionary unidirectional carbon fiber core system to become the first carbon fiber reinforced motocross handlebar. The added strength allows the aluminum tubing wall thickness to be safely reduced in key areas, greatly decreasing weight and producing unrivaled impact-absorbtion. Innovative Control+ design features 220mm of control space or up to 40mm more than conventional 1-1/8', 'Control+ design provides more space for controls, mapping switches, and electric starters.!\r\nUnidirectional carbon fiber cores reinforce the aluminum tubing and safely reduce wall thickness in key areas.!\r\nUp to 20% lighter than conventional 1-1/8', 'acf-handlebar.png', '2025-05-29 15:38:32', NULL),
(52, 'LS2 OF599 Spitfire Black', 7500, 3, 2, 4, 8, 'The LS2 OF599 Spitfire capture at first glance! The new LS2 half face is born thanks to the brand’s determination to propose a new modern and essential helmet, dedicated to the eclectic bikers doing of their total look a real style of life, which throw an eye to the design but not forgive protection and safety while riding their ‘two wheels’.LS2 visors are built with 3D Optically Correct “A Class” Polycarbonate, a space-age polymer with high resistance to impact, that avoids distortion and offers maximum clarity.', 'High-pressure thermoplastic outer shell construction!\r\nScratch and UV resistant quick release visor!\r\nIntegrated sun visor with quick control!\r\nMulti-density EPS lining!\r\nHypoallergenic, breathable, removable, and washable laser-cut extra comfort interior lining!\r\nQuick-release buckle fastening with reinforced chin strap!\r\nCertified ECE 22.05', 'LS2_OF599.jpg', '2025-05-29 15:38:32', NULL),
(53, 'Shark VFX-EVO', 60000, 2, 2, 5, 4, 'Conquer rugged paths with the SHOEI VFX-Evo dirt bike helmet, crafted for peak performance. With its cutting-edge impact protection, enhanced ventilation, comfortable fit, and light build, it is the ideal companion for tackling challenging terrains while ensuring your safety and comfort.', 'Extra front intake vents combine with rear exhaust outlet vents and an enlarged neck outlet vent to maximize flow-through ventilation!\r\nCool air passes through the front intake vents, cools the helmet interior, and is exhausted through the rear vents by the force of negative air pressure!\r\nExpanded rib shapes across the rear enhances strap-holding performance for goggle wearers!\r\nE;Q;R;S; (Emergency Quick Release System) features special straps under the cheek pads which allow them to be easily removed, so the helmet can be quickly taken off by emergency personnel after an accident!', 'vfxevo.png', '2025-05-29 15:38:32', NULL),
(54, 'LS2 Drifter Gloss White', 12499, 3, 2, 20, 7, 'The LS2 Drifter trial helmet boasts an aggressive and striking design, making it an ideal choice for riders across various biking domains, be it cruisers, trials, or navigating the bustling city streets. Its versatility shines through with a removable chin guard and an adjustable, removable peak, allowing riders to tailor their experience to their preferences. Crafted from KPA material, this helmet ensures both lightness and enhanced safety, a critical combination for any rider. Furthermore, the helmet’s adaptability is evident in its ability to swap from a clear to a dark visor, ensuring optimal visibility in various lighting conditions.', 'Kinetic Polymer Alloy (KPA) shell!\r\n2 shell sizes!\r\nReflective elements for added safety!\r\nRemovable helmet peak!\r\nUV and scratch resistant retractable sun visor!\r\nHypoallergenic, breathable, removable and washable lining!\r\nWeight: 1300g (+/-50g)!\r\nCertification: ECE 22.06', 'ls2drifter.jpg', '2025-05-29 15:38:32', NULL),
(55, 'Shark Evo ES KRYD', 60000, 17, 2, 20, 6, 'The motorcycle jet EVO-ES helmet embodies all of SHARK’s expertise in the design of modular helmets for daily users seeking to enjoy optimal protection whether in the jet or integral position. In 2007, SHARK’s R&D department broke the codes of the modular helmet and created a new concept: the EVO-ES which remains the only true modular on the market.\n<br>\nWith a compact, aerodynamic profile, the EVO-ES modular is the ultimate 2-in-1 helmet – offering a choice of jet or full-face positioning. The EVO-ES is equipped with SHARK’s “Auto-up / Auto-down” system, the visor is automatically lifted when maneuvering the chin bar.', 'Shell made of injected thermoplastic resin!\r\nMulti-density EPS!\r\nMicrometric buckle system!\r\nAnti-scratch and anti-fog visor!\r\nUV380-labeled visor treated to resist scratches!\r\nQuick visor release system!\r\nWeight: 1,650!\r\nECE Certified', 'evoEs.png', '2025-05-29 15:38:32', 11),
(56, 'RCB HG66 Handle Grip Grey', 1500, 14, 5, 21, 45, 'The RCB HG66 bike handlebar grips provide a secured grip and enhanced comfort, ensuring a safer and more enjoyable riding experience. Available in various colors, they allow you to personalize your bike to match your style. Designed to improve riding safety, these grips absorb vibration, reducing hand fatigue and ensuring a smoother ride on any terrain.', 'Secured grip and comfort!\r\nImproves riding safety!\r\nAbsorbs vibration', 'RCB-HG66.jpg', '2025-05-29 15:38:32', NULL),
(57, 'Vesrah Ceramic Disc Brake pad for KTM ALL /ROYAL ENFIELD ALL/ BAJAJ ALL/ BMW ALL SD-953 (Rear)', 2300, 18, 5, 13, 98, 'Vesrah Motorcycle Ceramic Brake Pads are high-quality brake pads designed specifically for motorcycles. These brake pads is made with advanced ceramic composite materials that offer exceptional braking performance, durability, and reduces noise and dust.<br>\r\n\r\nIn addition to their superior performance and durability. Vesrah Ceramic Brake Pads  produce less dust than traditional brake pads, Vesrah Ceramic Brake Pads  helps to keep wheels and tires cleaner and reduces the amount of airborne particles.<br>\r\n\r\nOverall, Vesrah Motorcycle Ceramic Brake Pads are a top-of-the-line option for motorcycle riders looking for high-performance, long-lasting brake pads that offer exceptional stopping power, reduced noise and dust, and a more comfortable riding experience.', 'An excellent, economical choice for replacing OEM sintered metal brake pads.!\r\nPad consists of 50-60% copper combined with carbon, ceramic, tin and abrasives.!\r\nIron backing plate is plated with copper to make it a stronger bond with the pad friction material.!\r\nPowerful stopping power in wet or dry conditions.!\r\nExcellent initial pad bite, lower lever effort and minimal pad bed-in time required.!\r\nCan be used with stainless steel rotors.!\r\nBRAKE PADS ARE SOLD IN PAIRS, ONE PAIR OF PADS PER EACH CALIPER..', 'Rear-Disc-Pad.webp', '2025-05-29 15:38:32', NULL),
(58, 'JPA R15 V3/V4 Integrated Taillight', 7000, 14, 5, 14, 14, 'JPA focuses its products on lights on motor vehicles such as headlights, taillights, and turn signals. The type of lamp used is a quality HID and LED Tube lamp, resulting in a good description and vivid lamp color. With quality plastic, the frame body and mica lamps from JPA are more durable, and engineered to provide unparalleled safety and efficiency for your vehicle. Designed with a focus on longevity and eco-consciousness, this tail light combines durability, energy efficiency, and low radiation for a superior driving experience.', 'Compatible with R15 V3/V4!\r\nLong life Durable!\r\nMercury Free!\r\nEnergy Efficient Energy Saving!\r\nLow Head Radiation Low Radiation', 'R15_tailight.png', '2025-05-29 15:38:32', NULL),
(59, 'Liqui Moly Motorbike 4T Synth 10W-40 STREET RACE 1L Engine Oil', 2235, 19, 5, 15, 25, 'The Liqui Moly Motorbike 4T Synth, Fully synthetic high-performance motor oil. For maximum performance and outstanding engine protection under all operating conditions. Offers perfect lubrication, outstanding engine cleanliness, excellent friction and minimum wear. Ensures smooth engagement and disengagement as well as gear shifting, which significantly increases driving pleasure. Tested for use with catalytic converters and on racing machines.', 'Fully Synthetic.!\r\nFor air and water-cooled 4-stroke engines.!\r\nSuitable for engines with or without a wet clutch.!\r\nFor sporting applications.!\r\nFor normal to extreme operating conditions.!\r\nVolume: 1 L!\r\nViscosity: 10W-40!\r\nQuality Levels: API SN Plus, JASO MA2', 'LiquiMoly10w-40.png', '2025-05-29 15:38:32', NULL),
(60, 'HJC i71 Celos MC5 Black Glitter', 35000, 5, 2, 1, 10, 'The i71 sets a new standard in Sport-Touring excellence with its streamlined shell design. Utilizing Advanced Polycarbonate technology, this helmet features 3 shells across 6 sizes, meticulously engineered for optimal weight and rider comfort. The repositioned top vent and expanded mouth vents maximize airflow, enhancing intake and ventilation dynamics. Pioneering innovation, the i71 introduces the HJ-38 Pinlock-ready face shield with an upgraded PE (Push/Eject) locking mechanism for enhanced safety and usability, even with gloves. Additionally, the new sun visor (HJ-V12) offers a versatile 3-position adjustment, allowing riders to adjust the sun shield up to 10mm forward for optimal sun protection.', 'Advanced Polycarbonate Composite Shell: Lightweight, superior fit and enhanced comfort!\r\n“ACS” Advanced Channeling Ventilation System: Full front-to-back airflow flushes heat and humidity up and out.!\r\nPinlock Ready HJ-38 Visor: Provides 99% UV protection, Anti-Scratch coated.!\r\nInterior provides enhanced moisture wicking and quick drying function.!\r\nCrown and Cheek pads: Removable and washable.!\r\nReady for SMART HJC 11B, 21B & 50B Bluetooth (sold separately).!\r\nIt comes standard with Pinlock, Chin Curtain and Breath deflector.!\r\nWeight: 1650 grams!\r\nCertification: ECE 22-06.', 'hjc--i71.webp', '2025-05-29 15:38:32', NULL),
(61, 'GP-R7 1PC Leather Suit', 160000, 7, 4, 7, 4, 'Designed for trackday riders, racers and advanced road riders, the GP-R7 1PC Leather Suit is optimized for performance riding, on the road or the track, and is constructed from premium Race-grade, 1.3mm bovine leather for superior abrasion resistance, flexibility, and comfort. With a race fit and extensive perforations for maximum airflow, this suit also incorporates a streamlined speed hump specifically engineered to complement Alpinestars Supertech R10 Helmet for optimum aerodynamic performance. It’s supremely protective too, thanks to its Nucleon PLASMA Pro armor.', '1.3mm ‘Race’ spec soft bovine leather construction incorporating dual layers in critical areas for optimized flexibility and abrasion resistance.!\r\nEquipped with Alpinestars Nucleon PLASMA Pro CE Level 2 armor.!\r\nIncorporates Alpinestars ‘Race’ spec Supertech R10 aero hump. Designed and engineered to work in conjunction with Alpinestars S-R10 Helmet for optimum streamlining and aerodynamic performance with rider tucked in a racing crouch.!\r\nOptimized for use with Alpinestars Tech-Air® Airbag Systems; Tech-Air® 5, Tech-Air® 10 and is Tech-Air® Compatible with the new Tech-Air® 7x Airbag System.', 'gpr71pc.jpg', '2025-05-29 15:38:32', 15),
(62, 'X-Fourteen MARQUEZ6 X-Spirit III', 100000, 2, 2, 1, 5, '\"X-Series\"― SHOEI\'s full face helmet for Racing developed through World\'s Top Road Races including MotoGP. All of shell, shield, interiors and aero device are renewed by realizing safety in high level and utilizing most advanced know-how obtained from race support in top category. \"REAL RACING SPEC\" is truly brought into shape, X-Fourteen / X-Spirit III, the full face helmet to win races. Brand new SHOEI top-of-the-line model starts racing in the world.', 'Tear-off Film Attachable Flat Shield – CWR-F Shield!\r\nPINLOCK® EVO lens!\r\nAdjust Wearing Position of Interiors corresponding to Racing Position!\r\nStrongly introduce riding wind, exhaust hot air and moisture effectively―ventilation system makes a rider feels wind.!\r\nE.Q.R.S.（Emergency Quick Release System)', 'X-Fourteen-MARQUEZ6_TC-1.png', '2025-05-29 15:38:32', NULL),
(63, 'KADOYA K’s Leather Early 00s ‘STEALTH’ Padded Leather Motorcycle Jacket', 90000, 20, 4, 2, 2, 'Handcrafted in Japan by Tokyo-based heritage brand Kadoya, this early‑2000s-style jacket offers time‑honored craftsmanship and tailored design. Made from premium cowhide leather, it\'s equipped with reinforced padding on the chest, back, and elbows for safety, adjustable side waists for a custom fit, and durable YKK hardware throughout.', 'Made-in-Japan quality craftsmanship from a legacy brand dating back to 1935! Thick padded panels on front, back, and elbows enhance impact protection! Adjustable side-waist straps ensure a tailored fit across body types! Durable YKK zippers and hardware boost longevity! Crafted from premium cowhide leather for both durability and a timeless aesthetic! Special-made for racing teams—strikes a great balance between functional protection and vintage styling', 'kadoya1.jpg', '2025-05-29 15:38:32', NULL),
(64, 'LS2 Smoke Visor for LS2 Rapid Full Face Motorcycle Helmet', 1400, 3, 2, 6, 29, 'Specially designed for the LS2 Rapid full face motorcycle helmet, this smoke visor combines sleek style with practical protection. Crafted from high-quality polycarbonate, it offers excellent resistance against impacts while providing a tinted finish to reduce glare and protect against harmful UV rays. Perfect for enhancing both the aesthetics and functionality of your helmet, it ensures clear visibility and comfort even during long rides.', 'Impact-resistant polycarbonate construction! Tinted smoke finish for glare reduction! UV protection for safer rides under sunlight! Quick-release mechanism for easy visor changes! Scratch-resistant coating for long-lasting clarity! Compatible exclusively with LS2 Rapid full face helmets', 'Dark-Smoke-Visor-for-rapid-stream-evo-.webp', '2025-08-02 08:40:01', NULL),
(65, 'MT Dark Smoke Visor for MT Targo Full Face Motorcycle Helmet', 1400, 22, 2, 6, 40, 'This dark smoke visor is tailored specifically for the MT Targo full face helmet. It delivers a sleek, tinted look while minimizing glare and enhancing visual comfort under bright conditions. Ready for quick changes with its tool-free release mechanism.', 'Impact-resistant polycarbonate lens! Dark smoke tint for strong glare reduction! Pre-pinlock lens ready for anti-fog inserts! Scratch-resistant coating for enduring clarity! Tool-free quick-release system for easy swapping! Compatible exclusively with MT Targo helmets', 'MT Dark Smoke Visor for MT Targo Full Face Motorcycle Helmet.webp', '2025-08-02 08:54:59', NULL),
(66, 'Rizoma 1 1/8″ Handlebar', 14000, 23, 5, 12, 5, 'These precision-machined 1 1/8″ handlebars from Rizoma are designed for riders who demand performance, durability, and sleek aesthetics. Crafted in Italy, they offer a refined solution to upgrade OEM steel bars with lightweight yet robust billet aluminum construction, complete with elegant finishing touches.', 'Billet aluminum construction for strength and low weight! Premium anodized finish with laser‑engraved logo and position markers! 1 1/8″ outer diameter (28 mm) taper design for compatibility and rider ergonomics! Lighter than typical OEM steel handlebars for enhanced handling! Made in Italy for top-level craftsmanship', 'Rizoma 1 1by8 Handlebars.jpg', '2025-08-02 09:02:43', NULL),
(67, 'Motul DOT 4 Brake Fluid 100ml', 175, 24, 5, 15, 99, 'Motul DOT 4 is a high-performance 100% synthetic brake fluid designed to ensure consistent and reliable braking power under all riding conditions. Engineered to withstand high temperatures and resist moisture absorption, it helps prevent brake fade and maintains hydraulic system efficiency. Ideal for use in motorcycles, scooters, and other vehicles with hydraulic brake or clutch systems requiring DOT 4 specification fluid.', '100% synthetic formula for superior thermal stability!\r\nHigh dry and wet boiling points to reduce vapor lock and brake fade!\r\nCompatible with all hydraulic brake and clutch systems specifying DOT 4!\r\nExcellent moisture resistance for longer fluid life!\r\nMeets or exceeds DOT 4 performance standards!\r\nPack size 100ml for easy top-ups and maintenance', 'Motul DOT 4 Brake Fluid 100ml.png', '2025-08-02 09:08:28', NULL),
(68, 'K-Tech RCU Razor-R Lite Rear Shock for Honda CRF300L', 60000, 25, 5, 16, 9, 'The K-Tech Razor-R Lite rear shock is an affordable performance upgrade designed for the Honda CRF300L. Engineered to enhance handling and comfort, it offers improved damping control and adjustability over the stock suspension. Ideal for riders seeking better performance on both trails and tarmac.', 'Rebound damping adjustable in 16 positions!\r\nSpring preload adjustable for precise sag settings!\r\nNitrogen-charged design for consistent performance!\r\nInternal reservoir for improved heat dissipation!\r\nLength adjustable to fit rider preference and weight', 'K-Tech RCU Razor-R Lite Rear Shock for Honda CRF300L.jpg', '2025-08-02 09:19:19', NULL),
(69, 'Akrapovič Slip-On Exhaust', 74000, 8, 5, 17, 7, 'Akrapovič Slip-On Exhausts are designed to enhance the performance and aesthetics of your motorcycle. Constructed from high-grade materials such as titanium and carbon fiber, these exhausts offer improved power output, reduced weight, and a distinctive sound. They are engineered for easy installation, typically requiring no ECU remapping, making them a popular choice for riders seeking a balance between performance and convenience.', 'High-quality titanium and carbon fiber construction!\r\nSignificant weight reduction compared to stock systems!\r\nIncreased power and torque output!\r\nDistinctive, deep exhaust note!\r\nEasy installation with no ECU remapping required!\r\nSleek, race-inspired design!\r\nCompatible with various motorcycle models!', 'Akrapovič Slip-On Exhaust.jpg', '2025-08-02 09:24:51', NULL),
(70, 'Yoshimura AT2 Slip-On Exhaust', 60000, 26, 5, 17, 10, 'The Yoshimura AT2 Slip-On Exhausts are designed to enhance the performance and aesthetics of various motorcycle models. Featuring an aggressive conical shape and end cap, these exhausts offer improved ground clearance and optimized exhaust flow. Crafted with precision, they provide a distinctive exhaust note that Yoshimura is renowned for, all while maintaining durability and ease of service.', 'Aggressive conical shape and end cap!\r\nUnrivaled fit and finish due to improved production tolerances!\r\nOptimized for maximum flow and improved ground clearance!\r\nMuffler volume and shape produces that magic tone Yoshimura is famous for!\r\nOptimized for durability and ease of service!\r\nMade in the USA', 'Yoshimura AT2 Slip-On Exhaust.webp', '2025-08-02 09:30:42', NULL),
(71, 'Bridgestone M59 Front Tire', 11000, 27, 5, 18, 25, 'The Bridgestone M59 is a race-proven soft-to-intermediate terrain front tire built for cross-country competition. Known as “The Living Legend,” it excels in varied conditions—from mud and roots to rocky trails—delivering reliable grip, self-cleaning performance, and smooth ride feel across changing terrain', 'Extra-wide tread blocks combined with a rounded profile for excellent self-cleaning bite!\r\nReinforced side lugs for traction in soft terrain conditions!\r\nDual-compound MX-CAP/BASE construction for high traction and cushioning balance!\r\nSoft carcass design for easy mounting and superior bump absorption!\r\nOutstanding grip and linear traction for stability and response in varied off-road situations', 'Bridgestone M59 Front Tire.jpg', '2025-08-03 03:52:19', NULL),
(72, 'Michelin Road 6 Tire', 20250, 28, 5, 18, 20, 'The Michelin Road 6 is a sport-touring tire engineered to deliver exceptional grip and reliability across both wet and dry roads. Featuring advanced silica-based compounds and tread innovations, it offers impressive traction and controlled wear. Ideal for riders who demand long-lasting performance without sacrificing confidence or safety in variable weather.', '15% better wet traction compared to the Road 5!\r\n10% improved wear life over its predecessor!\r\n100% silica compound with Water Evergrip technology for consistent grip as tread wears!\r\nDual-compound 2CT+ construction on both front and rear for enhanced stability and precise turn-in!\r\nRounded profile for smooth, predictable handling and cornering feel\r\nAvailable in reinforced \"GT\" version for heavyweight touring bikes', 'Michelin Road 6 Tire.jpg', '2025-08-03 03:57:03', NULL),
(73, 'Rynox Helium GT 3 Jacket', 11120, 29, 4, 2, 40, 'The Helium GT 3 is a lightweight, highly ventilated riding jacket designed for urban sport riding and short weekend escapes. Featuring advanced mesh airflow, CE Level 2 impact protection, and high-visibility detailing, it offers a perfect blend of comfort, safety, and style for warm-weather commutes and city cruising.', 'Cerros Zero‑G Level 2 impact protectors on shoulders, elbows, back and chest!\r\nHeavy-duty 600D PU-coated polyester in key impact zones!\r\nSeamless elbow‑to‑cuff panel to reduce seam failure risk!\r\nLarge dual‑tone 3D mesh panels for enhanced ventilation and visibility!\r\nShort summer collar and soft neoprene trim for improved comfort and airflow!\r\nHi‑Viz trims and retro‑reflective panels for day‑time and low‑light visibility', 'Rynox Helium GT 3 Jacket.webp', '2025-08-03 04:11:55', NULL),
(74, '  STEALTH EVO 4 JACKET', 28000, 29, 4, 2, 30, 'Engineered for adventure touring and urban riders alike, the Stealth Evo 4 is built to withstand changing terrain and weather without compromise. With a clean, unassuming design that hides serious protective tech beneath, this jacket keeps you safe, dry, and comfortable on extended journeys.', 'D3O Viper Air 2 level 2 back protector!\r\nD3O T5 Evo Pro X level 2 protectors on shoulders and elbows!\r\nCerros CE level 2 chest protectors!\r\nHeavy‑duty nylon shell with DWR coating for abrasion resistance!\r\nInvista Cordura® and SuperFabric® panels on high-wear slide zones!\r\nConverts to a full suit using jacket-to-pants zipper!\r\nRemovable ventilated lumbar support belt!\r\n3‑way AeroBurst ventilation on chest and back, plus forearm and armpit vents', 'STEALTH EVO 4 JACKET.webp', '2025-08-03 04:14:07', NULL),
(75, 'Avro 4 Men’s 2-Piece Motorcycle Leather Suit', 100000, 30, 4, 7, 10, 'The Avro 4 is a premium two-piece leather suit built for riders who want race-inspired protection with the flexibility of separate jacket and pants. Made from durable Tutu cowhide leather, it delivers excellent abrasion resistance while integrated stretch panels ensure a comfortable, ergonomic fit. Designed for both spirited street riding and track days, it features CE-certified armor, replaceable sliders, and an aerodynamic hump for enhanced performance and safety.', 'Constructed from premium Tutu cowhide leather for durability and abrasion resistance!\r\nCE-certified composite protectors on shoulders, elbows, and knees!\r\nReplaceable knee sliders and aluminum shoulder plates for added protection!\r\nAerodynamic racing hump for improved airflow and stability!\r\nMicroelastic 2.0 stretch panels for mobility and comfort!\r\nFull jacket-to-pants connection zipper for a secure and versatile fit', 'Avro 4 Men’s 2-Piece Motorcycle Leather Suit.webp', '2025-08-03 04:20:15', NULL),
(76, 'Drake 2 Super Air', 35000, 30, 4, 8, 5, 'The Drake 2 Super Air Tex are lightweight summer riding pants built using breathable mesh fabric for maximum airflow in hot conditions. Designed with riding ergonomics in mind, they combine soft, flexible construction with Dainese’s EN 17092 Class A protective standards. Ideal companion for sport-touring or commuting in warm weather, they pair seamlessly with the Air Frame 3 jacket via a connection zipper', 'Extensive mesh fabric for superb ventilation!\r\nRemovable CE-certified composite knee protectors!\r\nHip pockets fitted for Pro-Shape 2.0 soft protectors!\r\nJacket‑pants connection zipper compatibility!\r\nAdjustable waist and calf zip openings', 'DRAKE 2 SUPER AIR.webp', '2025-08-03 04:25:25', NULL),
(77, 'Kavach Tight Fitting Riding Jeans Pant', 8300, 31, 4, 8, 50, 'The Kavach Straight Fitting Riding Jeans Pant blends the everyday style of denim with motorcycle-grade protection. Reinforced with Kevlar in high-impact zones and featuring flexible, removable knee pads, these slim-fitting riding jeans deliver both comfort and confidence on the road—without compromising your street style.', 'Kevlar reinforcement at knees and hips for abrasion resistance!\r\nRemovable flexible knee pads for on-demand protection!\r\nSlim-fit denim tailored for riding posture!\r\nBreathable and stretchable fabric for comfort during long rides!\r\nTriple-stitched seams for enhanced durability and safety!\r\nEquipped with reflective trims for increased visibility', 'Kavach-Tight-Fitting-Riding-Jeans-Pant.webp', '2025-08-03 04:30:36', NULL),
(78, 'Kavach Adventure Touring Pant – Black', 15000, 31, 4, 8, 35, 'The Kavach Adventure Touring Pant is engineered for serious adventure riders facing diverse terrain and unpredictable conditions. Built from abrasion-resistant fabric and featuring CE-level armor, these pants deliver confidence whether you\'re on highway stretches or rugged trails. With added pockets and adjustments, they support long-distance comfort and utility without compromising style.', 'CE Level-2 hip and knee armor included for certified protection!\r\nDurable abrasion-resistant fabric over key impact zones!\r\nLarge cargo pocket design for storage convenience!\r\nAdjustable waist and ankle straps for tailored fit!\r\nReflective trims for visibility at night', 'Kavach Adventure Touring Pant Black.webp', '2025-08-03 04:36:40', NULL),
(79, 'Alpinestars Tech 3 Motocross Boots White, Red And Blue', 49500, 7, 4, 9, 20, 'The Tech 3 motocross boots bring Alpinestars’ proven race-level technology into an anatomically profiled, flexible off-road riding boot. Built from light yet durable microfiber, they deliver high-impact protection with enhanced comfort—ideal for beginner to intermediate riders who want trusted safety without sacrificing mobility', 'Lightweight microfiber upper for abrasion resistance and flexibility!\r\nInjected TPU shin and ankle protection with medial blade system for support!\r\nTriple TPU buckle straps with ratchet-style memory closure and replaceability!\r\nReplaceable high-grip rubber sole and EVA footbed for traction and comfort!\r\nCE certified to EN 13634:2010 for industry-standard protection', 'Alpinestars-Tech-3-Motocross-Boots-White-Red-And-Blue.webp', '2025-08-03 05:46:10', 15),
(80, 'Alpinestars Tech 3 Motocross Boots Black', 49500, 7, 4, 9, 19, 'The Tech 3 Motocross Boots deliver Alpinestars’ proven off-road protection in a lightweight, anatomically shaped design. Built for motocross and trail riders, they combine durable microfiber construction with advanced protection systems to keep you safe and comfortable during demanding rides.', 'Lightweight microfiber upper for durability and flexibility!\r\nInjected TPU shin and medial panels for impact protection!\r\nTriple buckle closure system with replaceable straps!\r\nBiomechanical medial blade system for controlled ankle movement!\r\nHigh-grip rubber sole with replaceable EVA footbed for traction and comfort', 'Alpinestars Tech 3 Motocross Boots Black.webp', '2025-08-03 05:47:46', 15),
(81, 'Alpinestars Tech 10 Motocross Boots Dark Blue and Grey', 105000, 7, 4, 9, 4, 'The Tech 10 stands as Alpinestars’ flagship motocross boot, offering the highest level of protection, comfort, and performance for serious off-road riders. Built with a combination of advanced microfiber, TPU protection, and a revolutionary inner ankle brace system, it delivers exceptional impact resistance and controlled mobility. Designed for the rigors of professional motocross and enduro racing, the Tech 10 provides uncompromising safety and a precise fit.', 'Lightweight microfiber and TPU construction for maximum durability and flexibility!\r\nPatented Dynamic Heel Compression Protector for impact absorption!\r\nRevolutionary inner ankle brace system for improved stability and protection!\r\nTriple buckle closure with self-aligning, replaceable straps!\r\nDual-compound rubber sole for grip and shock absorption', 'Alpinestars Tech 10 Motocross Boots Dark Blue and Grey.webp', '2025-08-03 05:49:44', 15),
(82, 'TR Tiger MTR-T3 Black Red Men’s Boot', 15000, 32, 4, 9, 25, 'The MTR-T3 is a rugged, knee-high motocross boot designed for serious off-road and trail use. Constructed from TPU, microfiber, PVC and mesh, it offers breathability, anti-slip grip, and impact protection at a more accessible price. Engineered for comfort and durability in diverse weather and terrain conditions.', 'TPU and microfiber upper with PVC overlays for abrasion resistance and structural support!\r\nBreathable mesh lining and padded sponge for airflow and all-day comfort!\r\nMulti-buckle closure system for secure fit and adjustability!\r\nRubber outsole with anti-slip tread for grip on rough terrain!\r\nShock-absorbing midsole and TPU shin plate for impact protection', 'TR Tiger MTR-T3 Black Red Men’s Boot.webp', '2025-08-03 05:53:30', NULL),
(83, 'Tiger TR G1 Adventure Boots Brown', 16500, 32, 4, 9, 15, 'The TR Tiger TR-G1 Adventure Boots are built for rugged touring and off-road adventure. Constructed with a mix of cowhide, microfiber, PVC, and a waterproof lining, these high-cut boots offer a solid combination of protection, comfort, and toe-to-heel support. Equipped with adjustable closure hardware and a grippy rubber sole, they’re ideal for riders covering long distances or tackling unpredictable terrain.', 'Durable cowhide leather, microfiber, and PVC upper materials for abrasion resistance and structure!\r\nBuilt-in waterproof membrane lining for all-weather use!\r\nMulti-point adjustable buckle closure system for a secure fit!\r\nRubber outsole with anti-slip tread for excellent traction on varied surfaces!\r\nShock-absorbing midsole and reinforced TPU shin and heel protection', 'Tiger TR G1 Adventure Boots Brown.webp', '2025-08-03 05:55:41', NULL),
(84, 'LS2 Black Textile Street Gloves with Knuckle Protection', 4850, 3, 4, 10, 20, 'The LS2 All Terrain gloves combine breathable textile, perforated goat leather, neoprene, and Lycra to create a comfortable and protective option for street and touring riders. Designed for versatility, they offer excellent airflow, impact protection, and touchscreen capability for modern riding convenience.', 'Touchscreen-capable fingertip for device use while riding!\r\nBreathable construction with perforated leather and textile panels!\r\nTPR molded knuckle and finger protection for impact resistance!\r\nLeather-reinforced palm with foam slide pad for durability!\r\nHook-and-loop cuff adjustment with neoprene panel for comfort and fit', 'LS2 Black Textile Street Gloves with Knuckle Protection.webp', '2025-08-03 05:59:25', NULL),
(85, 'LS2 All Terrain Black/Red/Grey Textile Street Gloves with Knuckle Protection', 4850, 3, 4, 10, 13, 'Description: The LS2 All Terrain gloves merge breathable textile, perforated goat-skin leather, neoprene, and Lycra to create a highly ventilated and durable glove option for street and touring riders. This Black/Grey/Red color variant maintains the same comfort and protection standards, offering modern riding convenience with a sport-inspired aesthetic.', 'Touchscreen-capable fingertip for convenient device use!\r\nHigh levels of breathability via perforated leather and mesh textile panels!\r\nTPR molded knuckle and finger protectors for impact resistance!\r\nLeather-reinforced palm with foam slide insert for durability!\r\nHook-and-loop cuff adjustment with neoprene isolation for secure fit', 'LS2 All Terrain Black Red Grey Textile Street Gloves with Knuckle Protection.webp', '2025-08-03 06:00:51', NULL),
(86, 'LS2 Spark 2 Man', 6750, 3, 4, 10, 5, 'The Spark 2 Air gloves bring premium leather and carbon protection into a sport-cut glove designed for aggressive road or track riders. Constructed from full-grain cowhide and goatskin with mesh and spandex enhancement, these gloves pair durability with airflow. Advanced knuckle protection, ergonomic fit, and touchscreen-ready fingertips make them a versatile choice for both spirited rides and daily commuting.', 'Touchscreen-capable fingertip for device use while riding!\r\nCarbon and Kevlar knuckle and finger protection for impact resistance!\r\nPower-stretch panels at finger knuckles and perforated zones for airflow!\r\nSilicone-printed palm and reinforced padding for grip and durability!\r\nHook-and-loop cuff adjustment for secure fit', 'LS2 Spark 2 Man.webp', '2025-08-03 06:02:10', NULL),
(87, 'Motowolf Street Gloves Black MDL0305 with Carbon Fiber Knuckle Protection', 3200, 33, 4, 10, 10, 'The Motowolf MDL0305 gloves are designed for riders seeking a blend of protection and comfort. Crafted from sheepskin leather, these gloves feature carbon fiber knuckle protection and a breathable design, making them suitable for various riding conditions.', 'Made from sheepskin leather for durability and comfort!\r\nEquipped with carbon fiber knuckle protection for impact resistance!\r\nBreathable design to keep hands cool during rides!\r\nTouchscreen-compatible fingertips for device use!\r\nAdjustable wrist closure for a secure fit', 'Motowolf Street Gloves Black MDL0305 with Carbon Fiber Knuckle Protection.webp', '2025-08-03 06:08:15', NULL),
(88, 'Motowolf Universal Shoe Protector', 300, 33, 4, 9, 100, 'The Motowolf Universal Shoe Protector is designed to shield your footwear from scuffs and damage caused by motorcycle gear shifters. Crafted from durable materials, it fits over most shoes and boots, making it an essential accessory for riders who want to keep their footwear in pristine condition.', 'The Motowolf Universal Shoe Protector is designed to shield your footwear from scuffs and damage caused by motorcycle gear shifters. Crafted from durable materials, it fits over most shoes and boots, making it an essential accessory for riders who want to keep their footwear in pristine condition.', 'Motowolf Universal Shoe Protector.webp', '2025-08-03 06:09:54', NULL),
(89, 'Scorpion Exo Goggles Gold', 6500, 34, 4, 11, 21, 'The Scorpion EXO Gold Goggles are designed for off-road riders seeking optimal vision and comfort. Featuring a gold mirrored lens, these goggles offer enhanced visibility and reduced glare in bright conditions. The flexible frame and adjustable strap ensure a secure fit, while the anti-fog coating maintains clear vision during intense rides. Ideal for motocross and trail enthusiasts, these goggles combine style and functionality.', 'Gold mirrored lens for reduced glare and enhanced visibility!\r\nAnti-fog coating to maintain clear vision in varying conditions!\r\nFlexible frame adapts to different face shapes for a comfortable fit!\r\nAdjustable strap ensures a secure and customizable fit!\r\nCompatible with most off-road helmets for versatile use', 'Scorpion Exo Goggles Gold.webp', '2025-08-03 06:13:16', NULL),
(90, 'LS2 Charger Goggle Orange with Rose Gold Iridium Visor', 2500, 3, 4, 11, 50, 'The LS2 Charger Goggle in HIV Orange with a Rose Gold Iridium visor is engineered for off-road enthusiasts seeking superior visibility and comfort. Its wide field of view, advanced lens technology, and secure fit make it an ideal choice for motocross and trail riding. The vibrant orange frame enhances visibility, while the rose gold iridium lens reduces glare and improves contrast.', 'Wide vertical (185mm arc-length) and horizontal (86mm arc-length) view area for optimal visibility!\r\nAnti-fog, abrasion, and impact-resistant Lexan lens with UVA & UVB protection!\r\nHigh-quality triple-layer foam for superior comfort and sweat absorption!\r\nElasticated 45mm strap with non-slip silicone reinforcement for a secure fit!\r\nVentilation holes around the frame for excellent airflow!\r\nVisor with nine-pin retention system for maximum stability', 'LS2 Charger Goggle HIV Orange with Rose Gold Iridium Visor.webp', '2025-08-03 06:15:09', NULL),
(91, 'Scorpion Exo Goggles White Black', 6500, 34, 4, 11, 21, 'The Scorpion Goggles in white and black are designed for off-road enthusiasts seeking durability and comfort. Featuring a flexible frame and anti-fog lens, they provide clear vision and a secure fit during intense rides. The white and black color scheme offers a sleek, modern look.', 'Durable construction for long-lasting use!\r\nAnti-fog lens to maintain clear vision!\r\nFlexible frame for a comfortable fit!\r\nSleek white and black design!\r\nCompatible with most off-road helmets', 'Scorpion Exo Goggles White Black.webp', '2025-08-03 06:17:06', NULL),
(92, 'Airoh Blast XR1 Matt Pink Goggle | Red Mirrored Lens', 11000, 6, 4, 11, 5, 'The Airoh Blast XR1 Matt Pink Goggle with Red Mirrored Lens is designed for off-road enthusiasts seeking optimal visibility and comfort. Its ergonomic fit and high-quality lens provide clear vision and protection during intense rides. The vibrant pink frame adds a touch of style to your gear.', 'Red mirrored lens reduces glare and enhances contrast! Anti-fog coating ensures clear vision in varying conditions! Cylindrical lens design provides a wide field of view! Triple-layer foam offers superior comfort and moisture management! Adjustable strap with silicone grip ensures a secure fit! Vibrant matt pink frame adds a stylish look', 'Airoh Blast XR1 Matt Pink Goggle Red Mirrored Lens.webp', '2025-08-03 06:18:27', NULL),
(93, 'Motowolf MDL1921 Black Balaclava Mask', 700, 33, 4, 19, 60, 'The Motowolf MDL1921 Black Balaclava Mask is designed for motorcyclists and scooter riders seeking comfort and protection. Made from breathable polyester, it ensures optimal airflow, keeping you cool during rides. The mask features a glasses slot design, allowing for easy use with eyewear. Its reflective logo enhances visibility in low-light conditions, adding an extra layer of safety.', 'Breathable polyester fabric ensures comfort during rides!\r\nGlasses slot design allows for easy use with eyewear!\r\nReflective logo enhances visibility in low-light conditions!\r\nStretchable material fits most head sizes!\r\nLightweight and compact for easy storage', 'Motowolf MDL1921 Black Balaclava Mask.webp', '2025-08-03 06:22:58', NULL),
(94, 'LS2 Black Balaclava Mask', 700, 3, 4, 19, 30, 'The LS2 Black Balaclava Mask is designed for motorcyclists and scooter riders seeking comfort and protection. Made from breathable cotton, it ensures optimal airflow, keeping you cool during rides. The mask features a universal fit, accommodating various head sizes. Its lightweight and compact design allows for easy storage and convenience. Ideal for both cold and warm weather conditions, this balaclava enhances your riding experience.', 'Breathable cotton fabric ensures comfort during rides!\r\nUniversal fit accommodates various head sizes!\r\nLightweight and compact design for easy storage!\r\nIdeal for both cold and warm weather conditions!\r\nSoft and wrinkle-free material for added comfort', 'LS2 Black Balaclava Mask.webp', '2025-08-03 06:24:18', NULL),
(95, 'Motowolf MDL1904 Black Balaclava Mask', 1000, 33, 4, 19, 48, 'The Motowolf MDL1904 Black Balaclava Mask is designed to provide comfort and protection for motorcyclists and scooter riders. Crafted from breathable fabric, it ensures optimal airflow, keeping you cool during rides. The mask features body temperature regulation, making it suitable for all seasons. Its soft and high-elasticity material offers a comfortable fit, while the universal size ensures compatibility with most riders. Ideal for shielding against wind, dust, and debris, this balaclava enhances your riding experience.', 'Quick-drying fabric ensures comfort during rides!\r\nBreathable material promotes optimal airflow!\r\nBody temperature regulation suitable for all seasons!\r\nSoft and high-elasticity fabric for a comfortable fit!\r\nUniversal fit accommodates various head sizes', 'Motowolf MDL1904 Black Balaclava Mask.webp', '2025-08-03 06:25:34', NULL),
(105033, 'RF-1400 Knee Down', 75000, 2, 2, 1, 10, 'Engineered for riders who demand top-tier protection and performance, the SHOEI RF‑1400 Knee Down helmet offers unmatched comfort, refined aerodynamics, and noise reduction. Whether you\'re racing on the track or carving through twisties, this helmet delivers the focus and reliability you need.', 'Multi-ply AIM+ shell construction for high-impact absorption and reduced weight!\r\nAdvanced CWR‑F2 shield with Pinlock EVO insert compatibility for clear, fog-free vision!\r\nOptimized ventilation system with improved airflow and noise reduction!\r\nEmergency Quick Release System (E.Q.R.S.) for added safety in emergencies!\r\nFully removable, washable, and moisture-wicking interior for long-lasting freshness!\r\nWind tunnel-tested for superior aerodynamics and stability at high speeds', 'RF-1400 Knee Down.jpg', '2025-08-07 06:48:29', NULL),
(105034, 'GT-Air 3', 77000, 2, 2, 1, 6, 'The SHOEI GT‑Air 3 is a high-performance full-face touring helmet engineered for comfort, safety, and seamless integration. With a sleek aerodynamic shell design, enhanced ventilation, and upgraded visor mechanics, it offers an ideal blend of function and form for long-distance riders. Its internal sun-shield, emergency release system, and built-in communication readiness make it a reliable companion for any road adventure.', 'Aerodynamic AIM shell design reduces wind drag and lift!\r\nNew CNS-1C visor with central locking system and wider field of view!\r\nImproved ventilation system with multiple inlets and exhausts for maximum airflow!\r\nQSV-2 internal sun visor with extended coverage and reduced glare!\r\nPrepared for seamless integration with SHOEI Comlink communication system', 'GT-Air 3.jpg', '2025-08-07 06:51:50', NULL),
(105035, 'RJ Platinum-R Black', 30000, 2, 2, 4, 20, 'The RJ‑Platinum‑R is SHOEI’s premium open-face helmet built for riders who value classic design combined with top-tier safety and comfort. Crafted with SHOEI’s proprietary AIM+ shell construction, it ensures superior impact protection while remaining lightweight. With a quiet ride, comfortable interior, and excellent ventilation, it’s ideal for city cruising or long relaxed rides. The RJ‑Platinum‑R reflects SHOEI’s legacy of refined engineering in a timeless open-face style.', 'Multi-ply AIM+ shell for exceptional strength and impact absorption!\r\nAdjustable top vents and GT-style rear exhaust for optimal airflow!\r\nRemovable and washable interior with eyeglasses-compatible cheek pads!\r\nSnap-on GT visor for enhanced sun and wind protection!\r\nLightweight and aerodynamic design for quiet and stable performance', 'RJ Platinum-R Black.jpg', '2025-08-07 06:56:06', NULL),
(105036, 'RJ Platinum-R Silver', 30000, 2, 2, 4, 15, 'The RJ‑Platinum‑R is SHOEI’s premium open-face helmet built for riders who value classic design combined with top-tier safety and comfort. Crafted with SHOEI’s proprietary AIM+ shell construction, it ensures superior impact protection while remaining lightweight. With a quiet ride, comfortable interior, and excellent ventilation, it’s ideal for city cruising or long relaxed rides. The RJ‑Platinum‑R reflects SHOEI’s legacy of refined engineering in a timeless open-face style.', 'Multi-ply AIM+ shell for exceptional strength and impact absorption!\r\nAdjustable top vents and GT-style rear exhaust for optimal airflow!\r\nRemovable and washable interior with eyeglasses-compatible cheek pads!\r\nSnap-on GT visor for enhanced sun and wind protection!\r\nLightweight and aerodynamic design for quiet and stable performance', 'RJ Platinum-R Silver.jpg', '2025-08-07 06:57:26', NULL),
(105037, 'Brutale Ryden Dual Spoiler Helmet', 12000, 4, 2, 1, 20, 'The Axor Brutale Ryden Dual Spoiler Helmet makes a bold statement with its aerodynamic styling and race-class safety credentials. Crafted from advanced impact-resistant polymer, it delivers exceptional protection while the dual rear spoilers and strategically placed vents manage airflow to reduce lift and improve stability. Certified to ISI, DOT and ECE 22.06 standards, it’s also equipped with quick-release visor mechanics, Pinlock 70 compatibility, and a snug double-D fit system for confident rides.', 'Double-spoiler aerodynamic shell design for stability at high speeds!\r\nImpact-resistant shell with ISI, DOT and ECE 22.06 certification!\r\nQuick-release, optically accurate visor with Pinlock 70 readiness!\r\nUpper intake and rear exhaust ventilation channels paired with breath guard and chin curtain for airflow!\r\nDouble D-ring retention system for secure fit and race readiness', 'Brutale Ryden Dual Spoiler Helmet.webp', '2025-08-07 07:04:10', NULL);
INSERT INTO `motoproducts` (`product_id`, `name`, `price`, `brand_fid`, `category_fid`, `sub_cat_fid`, `stock`, `description`, `features`, `image`, `timestamp`, `discount_percent`) VALUES
(105038, 'Brutale Solid Colors Dual Spoiler Helmet', 8000, 4, 2, 1, 50, 'The Axor Brutale Solid Colors Dual Spoiler Helmet combines aggressive styling with advanced aerodynamics and top-tier safety features. Designed for riders seeking both performance and aesthetics, it boasts a lightweight polycarbonate shell, dual rear spoilers for enhanced stability, and a fully ventilated system to keep you cool on the road. Certified to ISI, DOT, and ECE 22.06 standards, this helmet ensures optimal protection without compromising on comfort.', 'Lightweight polycarbonate shell construction offers durability and reduced weight!\r\nDual rear spoilers enhance aerodynamic stability at high speeds!\r\nIntegrated ventilation system with upper intake and rear exhaust vents for optimal airflow!\r\nQuick-release visor mechanism allows for tool-less visor changes!\r\nInternal sun visor provides added convenience for varying light conditions', 'Brutale Solid Colors Dual Spoiler Helmet.webp', '2025-08-07 07:07:57', NULL),
(105039, 'CS-MX II', 14000, 5, 2, 5, 10, 'The HJC CS-MX II Crox is a lightweight and durable off-road helmet designed for riders seeking performance and comfort. Featuring an advanced polycarbonate composite shell and a plush, removable Nylex® interior, it ensures a secure fit and moisture-wicking comfort. The helmet\'s large eye port accommodates various goggle sizes, while its advanced ventilation system promotes airflow to keep you cool during intense rides.', 'Advanced polycarbonate composite shell for lightweight durability!\r\nACS Advanced Channeling Ventilation System provides full front-to-back airflow!\r\nLarge eye port accommodates a wide range of goggles!\r\nPlush, removable Nylex® interior offers moisture-wicking comfort!\r\nDOT-218 certified for safety compliance', 'CS-MX II.webp', '2025-08-07 07:10:50', NULL),
(105040, 'i50 Mimic', 19000, 5, 2, 5, 18, 'The HJC i50 Mimic is a high-performance off-road helmet designed for riders seeking advanced protection and comfort. Constructed with an advanced polycarbonate composite shell, it offers a lightweight yet durable build. The helmet features a multi-density EPS liner, SLID (Sliding Layer Impact Distribution) technology to reduce rotational forces, and a superior ventilation system with 9 intake and 4 exhaust channels. Its large eye port ensures maximum visibility and compatibility with various goggles. The i50 Mimic is DOT and ECE certified, making it a reliable choice for off-road enthusiasts.', 'Advanced polycarbonate composite shell for lightweight durability!\r\nMulti-density EPS liner enhances impact absorption!\r\nSLID technology reduces rotational forces during impacts!\r\nSuperior ventilation with 9 intake and 4 exhaust channels!\r\nLarge eye port accommodates a wide range of goggles', 'i50 Mimic.webp', '2025-08-07 07:15:14', NULL),
(105042, 'V60 Solid', 30000, 5, 2, 5, 4, 'The HJC V60 Solid Helmet blends vintage aesthetics with modern functionality. Inspired by the 1980s FG-01, it features a lightweight fiberglass composite shell and a built-in IS-10 internal sun visor for added convenience. Designed with rider comfort in mind, it includes a moisture-wicking interior, removable and washable pads, and speaker pockets for communication systems. Safety is paramount, with emergency release cheek pads and DOT certification.', 'Lightweight fiberglass composite shell for superior fit and comfort! Built-in IS-10 internal sun visor with anti-scratch coating! Moisture-wicking SuperCool® interior! Removable and washable crown and cheek pads! Speaker pockets compatible with Bluetooth communication systems! Emergency release cheek pads for quick removal in emergencies! 3-snap peak visor for a retro look! DOT-certified for safety compliance', 'V60 Solid.webp', '2025-08-07 07:19:11', NULL),
(105043, 'RPHA 1N QUARTARARO LE MANS SPECIAL 2024', 100000, 5, 2, 1, 3, 'The HJC RPHA 1 Quartararo Le Mans Special 2024 Helmet is a limited-edition replica of Fabio Quartararo\'s race helmet, featuring a vibrant design inspired by the French flag. The helmet boasts a Premium Integrated Matrix Plus (P.I.M. Plus) shell construction, combining carbon, fiberglass, and aramid for enhanced durability and lightweight performance. It is equipped with an advanced ventilation system, including five intake and four exhaust vents, ensuring optimal airflow. The helmet also features a Pinlock-ready anti-scratch shield, SilverCool™ moisture-wicking interior, and is FIM, ECE, and DOT certified, making it suitable for both track and street use.', 'Premium Integrated Matrix Plus (P.I.M. Plus) shell construction combining carbon, fiberglass, and aramid for enhanced durability and lightweight performance!\r\nAdvanced ventilation system with five intake and four exhaust vents for optimal airflow!\r\nPinlock-ready anti-scratch HJ-35 shield for clear vision!\r\nSilverCool™ moisture-wicking interior for comfort!\r\nRemovable and washable crown and cheek pads!\r\nSpeaker pockets for Bluetooth communication systems!\r\nEmergency quick-release cheek pads for safe removal in emergencies!\r\nFIM, ECE, and DOT certified for safety compliance', 'RPHA 1N QUARTARARO LE MANS SPECIAL 2024.webp', '2025-08-07 07:24:40', NULL),
(105044, 'Airoh Connor', 19999, 6, 2, 1, 12, 'The Airoh Connor Solid Nardo Grey Helmet combines sleek design with advanced safety features, making it a standout choice for riders seeking both style and performance. Weighing approximately 1450g, it offers a lightweight feel without compromising on protection. The helmet\'s multi-shell construction ensures a tailored fit, enhancing comfort during rides. Its aerodynamic design reduces wind resistance, contributing to a smoother riding experience. The Nardo Grey finish adds a modern touch, appealing to riders with a taste for understated elegance.', 'Lightweight design at approximately 1450g for enhanced comfort!\r\nMulti-shell construction provides a tailored fit for various head sizes!\r\nAerodynamic shape reduces wind resistance, improving ride stability!\r\nSleek Nardo Grey finish offers a modern and stylish appearance!\r\nAdvanced ventilation system ensures optimal airflow, keeping the rider cool!\r\nRemovable and washable interior lining for easy maintenance!\r\nECE 22.06 certified, meeting high safety standards', 'Airoh Connor.webp', '2025-08-07 07:30:45', NULL),
(105045, 'Airoh Valor Akuna', 31000, 6, 2, 1, 20, 'The Airoh Valor Akuna Helmet showcases a bold, aggressive silhouette designed for sports-minded riders. It features a high-resistant thermoplastic (HRT) shell available in two shell sizes to provide an optimal fit across head profiles. With sharply styled graphics, an integrated windstopper, and an extra-wide visor ready for Pinlock, the Valor Akuna offers both performance and presence. Built for speed and safety, it’s ideal for riders who demand visual flair and technical excellence.', 'Thermoplastic HRT shell in two sizes for tailored fit! 8-zone integrated ventilation system for effective cooling! Extra-wide racing visor with quick release, UV protection, and Pinlock readiness! Stop-Wind insert for windproof sealing! Micrometric retention buckle for precise fastening! Removable and washable hypoallergenic interior lining! SHARP 5-star safety rating and ECE 22.05 certified', 'Airoh Valor Akuna.png', '2025-08-07 11:33:17', NULL),
(105046, 'J110 Command', 25000, 6, 2, 4, 6, 'The Airoh J110 Command Jet helmet combines the comfort of an open-face jet with the versatility of a full-face design. It features bold, vintage-inspired lines crafted to ignite your adventurous spirit while maintaining top-tier performance and freedom of use.', 'Composite carbon shell designed in two sizes for a tailored fit! ASN (Airoh Sliding Net) system enhances interior airflow! Quick-detach detachable chin section adds modular flexibility! Bluetooth-ready setup lets you plug in communication systems! Removable and washable hypoallergenic inner lining keeps things fresh! Micrometric ratchet closure ensures precise fastening! ECE 22.06 certified for maximum safety', 'J110 Command.webp', '2025-08-07 11:36:33', NULL),
(105047, 'Airoh Connor/Spark 2 Pinlock Lens', 2500, 6, 2, 6, 40, 'The Airoh Connor / Spark 2 Pinlock Lens is a genuine replacement insert designed to keep your visor fog-free and visibility crystal clear. Tailor-made for use with the Pinlock-ready visor on Airoh Connor and Spark 2 helmets, it\'s engineered to combat condensation in all riding conditions.', 'Clear insert for unobstructed vision! Easy to replace for quick maintenance! Scratch-resistant surface for long-lasting durability! Specifically compatible with Airoh Connor and Spark 2 helmets', 'Airoh Connor Spark 2 Pinlock Lens.jpg', '2025-08-07 11:41:25', NULL),
(105048, 'Ride Tech V2 Summer Long Sleeve Top', 8000, 7, 4, 2, 23, 'This long‑sleeve base layer is engineered for warm‑weather riding, designed to prevent heat buildup and manage sweat effectively—even under a suit or riding jacket. Its body‑mapped construction ensures maximum comfort while supporting ease of movement and aiding entry and exit from leather suits.', 'Fully body‑mapped Lycra® stretch Spandex in the main chest and back areas for flexible, snug fit! Strategically placed open mesh panels enhance ventilation! Moisture‑wicking fiber maintains overall body temperature control in hot conditions! Muscle‑supporting compression fit helps reduce fatigue! Pre‑curved sleeves and ergonomic flat‑lock seams offer seamless comfort under gear! Polygiene® treatment keeps the layer fresh by preventing sweat odor accumulation', 'Ride Tech V2 Summer Long Sleeve Top.jpg', '2025-08-07 11:47:59', 15),
(105049, 'Alpinestars Knee Brace Socks', 4000, 7, 4, 8, 25, 'The Alpinestars Knee Brace Socks (MX Long) are engineered for serious off-road riders who wear knee braces or protection. Built for breathability and support, they’re designed to enhance comfort and stay securely in place during intense motocross and enduro rides.', 'Stretch Lycra upper sleeve with breathable mesh insert on the back of the upper leg! Elasticated upper hem with internal silicon grip keeps socks in place! Reinforced padded support enhances comfort during long rides! Reinforced ankle padding adds durability and protection! Single-layer compact lower sock construction promotes airflow and comfort! Moisture-wicking fabric keeps your legs cool and dry', 'Alpinestars Knee Brace Socks.jpg', '2025-08-07 11:55:26', 15),
(105050, 'Alpinestars Skull Cap Beanie', 1800, 7, 4, 19, 100, 'The Alpinestars Skull Cap Beanie is crafted for warm-weather riding to wick away perspiration and help keep your head cool and focused. Designed with breathability and comfort in mind, it\'s an ideal under‑helmet layer for riders who value performance and ease.', 'Breathable and quick‑dry materials that manage moisture effectively! Mesh panels to enhance ventilation in key areas! Open‑face design with an ergonomic fit for comfort and practicality! Flat‑lock seams for a smooth, unobtrusive feel! Ergonomically tailored fit from the top of the head to the ears to ensure a secure, comfortable fit', 'Alpinestars Skull Cap Beanie.jpg', '2025-08-07 12:01:18', 15),
(105051, 'Alpinestars Tech Neck Warmer', 2250, 7, 4, 19, 50, 'The Alpinestars Tech Neck Warmer wraps your neck in soft, stretchy micro‑fleece to stay warm and comfortable in cold conditions. With a double‑layer fleece construction and moisture‑wicking fabric, it helps shield against wind chill while providing a secure fit and breathable comfort.', 'Elasticated insert on the nose for stable positioning! Strategically placed air holes for enhanced breathability! Double‑layer, insulating single‑sided fleece! Ideal neck coverage to protect against wind chill! Moisture‑wicking stretch material for comfort and mobility! Alpinestars logo embroidered on the lower front', 'Alpinestars Tech Neck Warmer.jpg', '2025-08-07 12:25:27', 15),
(105052, 'Racing Exhaust System Yamaha MT-07 / XSR700 2021-2023 Titanium/Carbon Fiber', 160000, 8, 5, 17, 4, 'The Akrapovič Racing Line is a full-system exhaust built for riders who demand peak performance and premium build quality. It’s engineered to dramatically reduce weight, enhance power and torque across the rev range, and deliver a deep, sporty exhaust note—all while being tailored specifically for your machine.', 'Constructed with high-grade stainless steel headers and mid-pipes, CNC-machined inlet cap, and carbon-fiber muffler sleeve—for top-tier craftsmanship! Dramatically lighter than stock—dropping around 6.6 lb (3.0 kg) for sharper handling! Delivers gains of approximately +2.6 hp (1.9 kW) around 9,100 rpm and +3.2 Nm of torque in the midrange! Exceptional performance across the RPM range for smoother throttle response—no remapping required, though a fuel controller is recommended for optimal tuning', 'Akrapovic Racing Exhaust System.jpg', '2025-08-07 12:30:51', NULL),
(105053, 'Racing Exhaust Systems Kawasaki Ninja 650 / Z 650 2021-2025', 120000, 8, 5, 17, 2, 'This Racing Line full-system exhaust is engineered for riders who demand top-tier performance, reduced weight, and a thrilling exhaust note. It’s meticulously crafted with high-quality materials, precision welding, and performance‑driven design—offering a true track-intended upgrade for your bike.', 'High-grade stainless steel headers and mid‑pipes with premium CNC‑machined muffler inlet cap and titanium/carbon fiber end‑cap design! Lightweight construction significantly reduces weight for sharper handling! Plug‑and‑play installation—no fuel remapping required, although a fuel controller is recommended for fine-tuning! Integrated titanium exhaust hanger and silicon‑shielded springs ensure durability! Precise production quality control delivers consistent fitment and performance!Note: Some 2023 models with dual lambda sensors may face fitment issues, so double‑check sensor configuration before purchase.', 'Racing Exhaust Systems Kawasaki.jpg', '2025-08-07 12:35:35', NULL),
(105054, 'Street & Steel Open Road Helmet', 5000, 14, 2, 4, 20, 'This open‑face helmet is designed for riders who prefer a minimalist look and uncomplicated functionality. Featuring a matte finish and classic cruiser styling, it emphasizes simplicity and comfort with no unnecessary frills.', 'Hi‑tech injection‑molded ABS shell delivers lightweight durability and a clean silhouette! Comfort‑padded ear straps reduce irritation during long rides! Meets or exceeds DOT safety standards for reliable protection! Secure double‑D ring retention system ensures a tight and reliable fit', 'Street & Steel Open Road Helmet.jpg', '2025-08-07 12:50:32', NULL),
(105055, 'Brembo Brake Reservoir Mounting Kit', 5000, 11, 5, 13, 20, 'The Brembo Brake Reservoir Mounting Kit is an optional accessory that provides a quick and hassle‑free solution for securely mounting the brake fluid reservoir when installing a Brembo master cylinder.', 'Includes brake fluid reservoir, mounting bracket, hose, and installation hardware for a complete setup! Designed for hassle‑free installation alongside most Brembo master cylinders! Offers flexibility if slight hose modification or bending is needed for fitment', 'Brembo Brake Reservoir Mounting Kit.jpg', '2025-08-07 12:55:01', NULL),
(105056, 'Brembo Serie Oro Fixed Rear Brake Disc', 12000, 11, 5, 13, 10, 'The Brembo Serie Oro Fixed Rear Brake Disc embodies racing excellence and precision. Machined from a single piece of stainless steel with ultra-tight tolerances, it provides improved torque transmission, superior resistance to thermal and mechanical stress, and reliable performance ride after ride', 'Single-piece stainless steel construction for enhanced durability and perfect flatness! Precision machining ensures optimal concentricity and braking efficiency! Designed to withstand high thermal and mechanical stress for consistent performance! Racing-grade engineering delivers stronger, more precise braking feel! Specifically built for consistent stopping performance under demanding conditions', 'Brembo Serie Oro Fixed Rear Brake Disc.jpg', '2025-08-07 12:57:50', NULL),
(105057, 'Brembo Handle Bar Clamp', 2800, 11, 5, 12, 70, 'The Brembo Handle Bar Clamp is a precision accessory designed for mounting Brembo brake or clutch master cylinders on standard 7/8″ handlebars. Machined from high-quality aluminum and finished with anodizing, it offers both durability and sleek styling while providing a clean, secure fit.', 'Precision-machined aluminum construction provides rigidity and a premium feel! Anodized finish enhances corrosion resistance and aesthetic appeal! Compatible with standard 7/8″ handlebars for broad compatibility! Sold individually—allowing flexible installation or replacement', 'Brembo Handle Bar Clamp.jpg', '2025-08-07 12:59:44', NULL),
(105058, 'Brembo Serie Oro Fixed Front Brake Disc', 10000, 11, 5, 13, 18, 'The Brembo Serie Oro Fixed Front Brake Disc is a high-precision upgrade designed to deliver superior stopping performance and durability. Crafted from a single piece of stainless steel, it maintains exacting tolerances to ensure constant flatness and concentricity—ideal for demanding riding conditions ', 'Single-piece stainless steel construction for maximum structural integrity and flatness! Precision-machined for impeccable concentricity and flawless fitment! Engineered geometry and tight tolerances enable enhanced torque transmission and resistance to thermal and mechanical stress—a nod to its racing heritage! OE-equivalent design for seamless installation and dependable performance', 'Brembo Serie Oro Fixed Front Brake Disc.jpg', '2025-08-07 13:02:40', NULL),
(105059, 'Bell SRT-Modular', 32000, 15, 2, 20, 12, 'The Bell SRT‑Modular blends the protection of a quality full-face with the convenience of an open-face design—perfect for sport-touring riders. It pairs a lightweight fiberglass composite shell with a flip-up Panovision shield offering class 1 optics, covering your riding moods whether you\'re cruising or carving', 'Lightweight fiberglass composite shell delivered in two sizes for tailored fit and comfort! Flip-up modular design with a Panovision face shield featuring class 1 optics for optimal clarity! Drop-down inner sun shield adds instant sun protection! Recessed EPS speaker pockets and eyewear compatibility support modern rider needs! Fully removable and washable anti‑bacterial interior for easy maintenance! Meets DOT and ECE safety certifications for dependable protection', 'Bell SRT-Modular.jpg', '2025-08-07 13:10:41', NULL),
(105060, 'Bell Moto-3', 28000, 15, 2, 1, 11, 'The Bell Moto‑3 Cruiser revives a retro legend with modern enhancements. Inspired by Bell’s original 1970s motocross design, it features a classic fiberglass composite shell paired with a reinforced EPS-lined chin bar for improved safety—now compliant with today’s DOT and ECE standards', 'Fiberglass composite shell available in three shell/EPS sizes for a custom fit! EPS-lined chin bar for enhanced impact protection! Removable and washable terrycloth (or suede in custom patterns) liner with antimicrobial treatment for hygiene and comfort! Secure 5-snap visor for classic style and easy replacement! Lightweight design—about 2.5 to 3 lbs depending on size—for agile riding! DOT & ECE certified for reliable, modern safety performance', 'Bell Moto-3.jpg', '2025-08-07 13:15:22', NULL),
(105061, 'Bell Scout Air', 16750, 15, 2, 4, 12, 'The Bell Scout Air Cruiser Motorcycle Helmet offers a lightweight, low-profile design with a fiberglass composite shell and multi-density EPS liner for enhanced protection. Its aerodynamic shape reduces wind resistance, making it ideal for urban commuting and cruising. The helmet features a removable, washable interior for easy maintenance and comfort during rides.', 'Fiberglass composite shell provides strength and durability! Multi-density EPS liner enhances impact absorption! Lightweight design reduces neck fatigue during long rides! Aerodynamic shape minimizes wind resistance for a smoother ride! Removable and washable interior ensures cleanliness and comfort! Meets DOT and ECE safety certifications for reliable protection', 'Bell Scout Air.jpg', '2025-08-07 13:18:26', NULL),
(105062, '510 Visor', 1800, 15, 2, 6, 40, 'The Bell 510 Visor is a classic 3-snap accessory designed to enhance the aesthetic of Bell\'s Custom 500 and 510 helmets. Available in black or white, this visor adds a vintage flair while providing minimal wind deflection. It\'s a perfect choice for riders seeking a retro look without compromising on style.', 'Classic 3-snap design for a vintage aesthetic! Compatible with Bell Custom 500 and 510 helmets! Available in black or white to match your helmet color! Lightweight construction ensures minimal wind resistance! Easy to install and remove for convenience', '510 Visor.jpg', '2025-08-07 13:26:18', NULL),
(105063, 'Moto-10 Spherical', 80000, 15, 2, 5, 4, 'The Bell Moto-10 Spherical is a top-tier off-road helmet designed with advanced Spherical Technology™ powered by MIPS to reduce rotational forces during impacts. Its segmented 3K carbon shell provides superior strength and ventilation while the fully adjustable Flying Bridge visor adds airflow control.', 'Spherical Technology™ powered by MIPS redirects impact forces for enhanced safety! Segmented 3K carbon shell design offers durability and optimized airflow! Fully adjustable Flying Bridge visor with integrated air intake vents improves ventilation! Panoramic goggle port ensures secure fit and wide visibility! Magnefusion™ emergency cheek pad removal system allows quick emergency access! Thermal Exchange Airflow System keeps the rider cool during intense rides! Meets DOT, SNELL 2020, and ECE safety certifications for top-level protection', 'Moto-10 Spherical.jpg', '2025-08-07 13:29:21', NULL),
(105064, 'Brush Guards', 8000, 16, 5, 12, 30, 'The ProTaper Brush Guards are designed to protect riders\' hands from debris and impacts during off-road riding. They are made from injection-molded, high-impact plastic and come with forged aluminum shield mount hardware, ensuring durability and reliability. These guards fit both oversized and 7/8-inch handlebars, making them versatile for various bike setups. Available in multiple colors, they not only offer protection but also add a stylish touch to your bike.', 'Injection-molded, high-impact plastic construction ensures durability! Forged aluminum shield mount hardware provides reliable attachment! Stainless steel bolts and aluminum washers included for secure installation! Fits all oversized and 7/8-inch diameter handlebars! Shields hands from roost and debris during off-road riding! Available in multiple colors to match your bike\'s aesthetics', 'Brush Guards.webp', '2025-08-07 13:32:48', NULL),
(105065, 'EVO Handlebar', 12000, 16, 5, 12, 4, 'The ProTaper EVO Handlebars are ProTaper’s flagship unbraced handlebar line, engineered for superior comfort and durability. Crafted from a 4 mm thick 7000-series aluminum alloy, they offer a lightweight yet strong construction with design features that enhance flex and impact absorption—perfect for riders seeking reduced fatigue without sacrificing toughness.', 'Made from 4 mm, proprietary 7000-series aluminum alloy for superior tensile and yield strength! Designed for optimal balance of fatigue life, impact strength, and impact-absorbing flex—improving comfort on rough terrain! Shot-peened, stress-relieved, and anodized finish ensures unmatched surface durability! Independent lab tests confirm EVO bars outlast others in fatigue life—long-term reliability! Epoxy inner coating protects against corrosion for extended lifespan! Clutch-side knurling improves grip traction! Chemically applied graphics and alignment grid resist scratches and peeling', 'EVO Handlebar.jpg', '2025-08-07 14:10:00', NULL),
(105066, 'ProTaper SELA - Self Engaged Launch Assist', 19500, 16, 5, 16, 3, 'The ProTaper SELA is an innovative launch-assist device that enables solo motocross riders to preload their front suspension for a controlled start. With a patent-pending twist dial, SELA allows you to compress the forks without needing a second person—enhancing rear-wheel traction and helping you launch more effectively at the gate.', 'Patent-pending self-engaged twist dial lets riders preload suspension without assistance! Dual-hinged receiver ring enables quick installation—no need to remove the front wheel or fork! Universally compatible single-SKU design fits most full-size, modern motocross bikes! Enhances rear-wheel traction and reduces wheelie risk under aggressive throttle application', 'ProTaper SELA  Self Engaged Launch Assist.webp', '2025-08-07 14:11:54', NULL),
(105067, 'Spartan RS Anthracite Carbon with Carbon Skin Visor', 66000, 17, 2, 1, 7, 'The Shark Spartan RS Carbon Skin blends striking muscle-car inspired design with sport-touring performance. Featuring a carbon shell with multi-density EPS, it optimizes protection, aerodynamics, and noise reduction. Equipped with a retractable sun visor, a removable chin curtain, and ready for Sharktooth intercom installation, it offers comfort, style, and adaptability for modern riders.', 'Carbon and multi-density EPS shell minimizes drag, buffeting, and wind noise! Retractable sun visor and removable chin curtain add convenience and versatility! Sharktooth® intercom compatibility for seamless communication setup! Lightweight sport-touring performance at around 1 485 g—lighter than non-carbon versions! Includes reflective bands, helmet cover, and a dark smoke visor for added value! Meets ECE 22.06 safety standards for advanced protection', 'SPARTAN RS CARBON Skin VISOR IN THE BOX Carbon Anthracite Carbon.webp', '2025-08-07 14:16:42', 11),
(105068, 'OXO Blank Matte Dark Green Matte', 35000, 17, 2, 20, 4, 'The Shark OXO Blank Matte is a sleek flip-back modular helmet that transitions effortlessly from full-face to jet mode. Engineered with a Lexan polycarbonate shell, advanced aerodynamics, and clear vision tech, it\'s ideal for riders seeking adaptability, comfort, and modern safety compliance.', '180° rotating chin guard (‘Flip‑back’) for seamless full-face to jet transformation! ‘2 DIGIT UNLOCK’ mechanism enables fast, tool-free conversion! Scratch-resistant panoramic visor with Pinlock 70 inclusion ensures clear visibility! UV380-treated internal sun visor protects against sun and fog, adjustable via side lever! Dual intake and dual exhaust vents create optimized airflow for comfort during long rides! Micrometric buckle system and multi-density EPS liner offer secure fit and impact absorption! Crafted in two shell sizes and six liner options for an ideal fit', 'OXO Blank Matte Dark Green Matte.webp', '2025-08-07 14:33:35', 11),
(105069, 'AERON Carbon Skin Carbon Cupper Carbon', 120000, 17, 2, 1, 4, 'The Shark Aeron Carbon Skin is a high-performance road helmet that brings MotoGP advancements to the street. Built with a COVA (carbon-on-view & aramid) shell and ergonomic racing form, it’s engineered for supreme aerodynamics, ventilation, and comfort. Designed to support aggressive riding, it delivers race-grade protection without sacrificing fit or endurance.', 'COVA carbon-and-aramid shell keeps weight low while maximizing strength and impact resistance! Adaptive Aero System (A²S) rear spoiler and wind-tunnel–tuned shape reduce drag and stabilize the helmet at speed! Five intake vents and seven exhaust channels offer excellent airflow for rider cooling! Optical Class 1 anti-scratch, anti-fog visor with patented quick-release system and dark smoke visor included—tear-off ready! “Best Fit” interior with 3D-morph cheek pads, Easy Fit glasses relief, and antimicrobial Alvéotech® lining promote comfort and hygiene! Emergency quick-release cheek pads and magnetic Double‑D auto-lock chin strap add safety and convenience! ECE 22.06 homologated for modern compliance; weighs around 1,410 g', 'AERON Carbon Skin Carbon Cupper Carbon.webp', '2025-08-07 14:39:11', 11),
(105070, 'Vesrah Ceramic Disc Brake pad for Hero XPULSE SD-250/2 (Front)', 2300, 18, 5, 13, 50, 'The Vesrah Ceramic Disc Brake Pad is a precision-engineered replacement for the Hero Xpulse’s front braking system. Composed of a ceramic-based composite with copper, carbon, tin, and abrasives, it delivers robust stopping power and thermal stability, all while minimizing noise, vibration, and dust.', 'Ceramic composite construction (50–60% copper, plus carbon, tin, and abrasives) ensures durable, efficient braking! Iron backing plate is copper-plated for superior bonding and strength! Excellent initial pad bite with reduced lever effort—minimal bed-in time needed! Suitable for use with stainless steel rotors and optimized for wet or dry conditions! Produces minimal dust to keep wheels cleaner and reduce airborne particles! Long-lasting performance for cost-effective maintenance', 'Vesrah Ceramic Disc Brake pad for Hero XPULSE SD-250 2 (Front).webp', '2025-08-07 14:57:57', NULL),
(105071, 'Liqui Moly Motorbike 4T 10W-40 SCOOTER MB 1L Engine Oil for Motorcycle', 1740, 19, 5, 15, 50, 'This high-performance synthetic-based engine oil is designed specifically for 4-stroke scooter engines with dry clutches and separate transmissions. It delivers reliable lubrication, enhanced engine cleanliness, and notable friction reduction thanks to its JASO MB specification, all while keeping wear, noise, and oil consumption to a minimum.', 'Synthetic technology formulation ensures superior protection and engine performance! JASO MB rating provides excellent friction reduction—ideal for scooters with dry clutches! High shear stability and resistance to aging minimize wear under stressful conditions! Tested safe for use with catalytic converters for environmental compliance! Outstanding lubrication and engine cleanliness help reduce noise and extend engine life! Compatible with normal to extreme operating environments—from air-cooled to water-cooled scooters', 'Liqui Moly Motorbike 4T 10W-40 SCOOTER MB 1L Engine Oil for Motorcycle.webp', '2025-08-07 15:00:48', NULL),
(105072, 'Liqui Moly Motorbike 4T Synth 5W-40 OFFROAD RACE 1L Engine Oil for Motorcycle', 2560, 19, 5, 15, 30, 'This fully synthetic high-performance engine oil is tailored for off-road demands—enduro, motocross, ATVs, and more. Engineered to deliver maximum protection under extreme conditions, it ensures smooth clutch engagement and consistent gear shifting. Compatible with catalytic converters and backed by racing-machine testing, it’s built for serious performance.', 'Fully synthetic formula provides optimum lubrication and thermal stability! Exceptional engine cleanliness and low oil consumption keep performance sharp! High shear stability and wear resistance support longevity under sustained stress! Approved for engines with wet clutches and safe for catalytic converters! Specially formulated for extreme off-road and racing conditions—enhancing control over shifting and clutch response', 'Liqui Moly Motorbike 4T Synth 5W-40 OFFROAD RACE 1L Engine Oil for Motorcycle.webp', '2025-08-07 15:02:34', NULL),
(105073, 'Liqui Moly Motorbike 4T 10W-40 FORMULA 800ml Engine Oil', 1490, 19, 5, 15, 39, 'A high-performance synthetic-blend engine oil designed specifically for four-stroke motorcycle and scooter engines—whether air- or water-cooled. It ensures optimum lubrication, excellent engine cleanliness, and reliable friction properties across all riding conditions, making it a versatile choice for everyday use or spirited rides. ', 'Formulated with selected base oils and advanced additives for optimal lubrication and cleanliness! Excellent friction behavior minimizes wear and supports smooth gear shifts and clutch action—even on scooters! High shear- and aging-stability ensures consistent performance under stress! Proven low oil consumption and resistance to evaporation lower maintenance costs! Rated safe for use with catalytic converters and suitable for both wet- and dry-clutch applications! Engineered to perform across a range of operating environments, from urban commuting to spirited riding', 'Liqui Moly Motorbike 4T 10W-40 FORMULA 800ml Engine Oil.webp', '2025-08-07 15:21:18', NULL),
(105074, 'BRAWLER-2 PL / Gray', 74500, 20, 4, 2, 6, 'This perforated cowhide leather jacket from Kadoya blends protective design with breathability. It incorporates CE Level-1 protectors in the shoulders and elbows, along with a sponge-backed spine pad. The silhouette is tailored to ensure freedom of movement, while the mesh lining—embossed with a signature pattern—enhances both airflow and premium feel. The inner chest protector compatibility adds practical value for added safety.', 'Perforated cowhide leather construction offers airflow while maintaining protection! CE Level-1 shoulder and elbow protectors plus a single-layer sponge spine pad enhance safety! Mesh lining with embossed branding adds breathability and a refined look! Silhouette and pattern cutting crafted for mobility without sacrificing style! Built-in chest protector compatibility expands safety options', 'BRAWLER-2 PL  Gray.jpg', '2025-08-08 03:33:35', NULL),
(105075, 'O\'Neal Element Gloves', 1400, 21, 4, 10, 45, 'The O’Neal Element Racewear Gloves are lightweight, breathable off-road gloves built for aggressive riding. They feature a vented mesh top, protective TPR strips, and adjustable wrist closure to ensure airflow, comfort, and secure fit when tackling trails or sprinting through corners.', 'Vented mesh top accelerates airflow to keep hands cool under hard use! TPR strips on top provide branch and debris protection! Adjustable wrist with Velcro® closure secures fit and simplifies entry! Stretch Lycra® side panels deliver flexibility and comfort! Rugged synthetic palm offers durability—good value at this price point', 'O\'Neal Element Gloves.jpg', '2025-08-08 03:36:06', NULL),
(105076, 'O\'Neal Split Lite Chest Protector', 9800, 21, 4, 22, 12, 'The O\'Neal Split Lite Chest Protector is a lightweight motocross protection vest crafted with injected hard-shell plastic and bio-foam padding for a confident and comfortable fit. It features adjustable shoulder and waist straps, offers flexible modularity with detachable front or back plates, and includes neck brace compatibility—all designed to be worn under or over a jersey for versatile use. It also meets EN 14021 safety certification standards', 'Injected hard-shell plastic construction with bio-foam padding delivers both protection and comfort! Adjustable shoulder pads and waist closure ensure a tailored fit! Detachable front and back panels provide modular flexibility! Slim design allows wear under or over a jersey! Neck brace compatible design enhances safety options', 'O\'Neal Split Lite Chest Protector.jpg', '2025-08-08 03:37:23', NULL),
(105077, 'Alpinestars Bionic Action Chest Protector', 11800, 7, 4, 22, 4, 'This ultra-lightweight chest protector features advanced Cell Technology with perforated hard-shell panels for top-tier airflow and protection. The adaptive side sections ensure a comfortable fit while added padding shields against roost without sacrificing arm mobility. Fast to put on and slim enough to wear under your jersey, it\'s built for riders who demand both agility and safety.', 'Highly perforated Cell Technology chest protector for superior breathability and impact resistance! Adaptive side panels conform to body shape for a custom fit! Cell Technology back protector includes a flexion channel for enhanced mobility! Extended padding offers extra roost protection without restricting arm movement! Easy-to-use elastic buckle closure system adjusts to a wide range of rider physiques! Lightweight padded chassis provides a snug, close-to-body feel! Meets CE Level 1 standards for chest (EN 1621-3:2018) and back (EN 1621-2:2014) protection', 'Alpinestars Bionic Action Chest Protector.jpg', '2025-08-08 03:39:36', 15),
(105078, 'O\'Neal 2 Series Glitch Helmet', 13500, 21, 2, 5, 6, 'The O’Neal 2 Series Glitch Helmet features a lightweight poly-injected shell designed for ventilation and aerodynamic performance. It includes adjustable height visor, a plush removable liner, and a durable double-D chin strap—offering a balance of comfort, cooling, and reliable fit for off-road riders.', 'Lightweight poly-injected shell construction enhances comfort and reduces fatigue! Full venting design improves airflow and helps maintain lower helmet temperatures! Ultra-plush, removable, and washable padded liner delivers easy maintenance and cozy fit! Adjustable-height visor accommodates different riding conditions! Double-D chin strap ensures secure fastening under spirited conditions! DOT certified for dependable safety', 'O\'Neal 2 Series Glitch Helmet.jpg', '2025-08-08 03:42:37', NULL),
(105079, 'O\'Neal Pumpgun Pivot Knee Guards', 5000, 21, 4, 22, 10, 'The O’Neal Pumpgun Pivot Knee Guards offer lightweight, ventilated protection with a hinged pivot design that moves with you rather than restricting motion. Comprised of high-impact injection-molded plastic and cushioned with a pre-formed foam interior, they stay comfortably in place during aggressive riding and crashes. Designed as a value-packed, performance-friendly choice for riders seeking robust knee protection.', 'Lightweight and well-ventilated guard construction for enhanced comfort under stress! Innovative hinged knee pivot design allows natural movement without binding! High-impact injection-molded plastic shell offers robust abrasion and impact resistance! Pre-formed foam interior molds to the knee for added comfort and secure fit! Countersunk inner knee bolt reduces snagging risk—a thoughtful detail! Three elastic hook-and-loop straps deliver a snug, customizable fit! CE certified protection for dependable safety standards', 'O\'Neal Pumpgun Pivot Knee Guards.jpg', '2025-08-08 03:58:56', NULL),
(105080, 'O\'Neal Element Race Pants', 8000, 21, 4, 8, 8, 'Crafted for off-road performance, the O’Neal Element Racewear Pants strike a balance of rugged protection and breathable comfort. Built with heavy-duty denier fabrics, abrasion-resistant panels, and stretch zones in critical areas, they deliver durability and flexibility where it counts—without breaking the budget.', 'Heavy-duty yet lightweight denier fabric delivers strength and comfort in equal measure! Durable wear-resistant panels in high-abrasion zones extend longevity! Breathable stretch panels at the front, back, and knees allow unrestricted freedom of movement! Adjustable waist and tapered leg design ensure a sleek, secure fit with no bulk under boots! Premium canvas heat shields protect the knees from bar and exhaust heat—great value in design! Protective rubber patches add abrasion resistance in vulnerable areas', 'O\'Neal Element Race Pants.jpg', '2025-08-08 04:04:29', NULL),
(105081, 'Streetfighter SV P1r A9 Gloss', 9000, 22, 2, 20, 4, 'The MT Streetfighter SV S P1R is a ruggedly styled modular helmet combining open-face versatility with cruiser-inspired aggression. Constructed from high-impact HIRP (High Impact Resistant Polymer), it offers four distinct configurations—jet or full-face, with or without visor—so you can adapt your riding posture on the fly. It delivers ventilation, safety, and a lifestyle-forward look all in one design.', 'The MT Streetfighter SV S P1R is a ruggedly styled modular helmet combining open-face versatility with cruiser-inspired aggression. Constructed from high-impact HIRP (High Impact Resistant Polymer), it offers four distinct configurations—jet or full-face, with or without visor—so you can adapt your riding posture on the fly. It delivers ventilation, safety, and a lifestyle-forward look all in one design.', 'Streetfighter SV.jpg', '2025-08-08 04:09:07', NULL),
(105082, 'Jarama Solid A1 Matt', 22000, 22, 2, 1, 9, 'The MT Jarama Solid Helmet combines timeless retro styling with modern safety. Crafted from HIRP (High Impact Resistant Polymer), it embraces a classic full-face aesthetic while meeting today’s standards, earning both ECE 22.06 and DOT certification—making it the first retro-style helmet to do so.', 'HIRP shell in two sizes offers a perfect balance of impact resistance and lightweight construction! Quick-release MT-V-32 visor with Pinlock / Fog-Off compatibility ensures clear vision! Internal sunshade adds practical sun protection! Micrometric double-tooth buckle ensures secure fastening! Removable, washable, hypoallergenic lining delivered in premium retro styling! Included chin guard improves comfort by reducing wind noise! Lightweight at approximately 1,400 g (+/– 50 g)—striking a balance between durability and comfort! Ready for intercom installation for modern connectivity', 'Jarama Solid A1 Matt.jpg', '2025-08-08 04:13:57', NULL),
(105083, 'Le Mans 2 SV Solid A1 Matt', 8500, 22, 2, 4, 12, 'Blending vintage elegance with modern safety, the MT Le Mans 2 SV Solid jets out classic 1980s helmet flair wrapped in today’s engineering standards. Constructed from lightweight HIRP (High Impact Resistant Polymer), it\'s one of the rare retro helmets that’s both ECE 22.06 and DOT certified. It also equips an internal sun visor and premium removable lining—serving timeless style with thorough protection.', 'Lightweight double-sized HIRP shell balances retro aesthetics and structural protection! Integrated internal sun visor offers swift shading on sunny rides! Snap-on visor buttons let you customize with retro visors or accessories! Interior padding is removable, washable, and hypoallergenic for comfort and hygiene! Chin strap features a modern quick-release mechanism for ease! DOT and the modern ECE 22.06 certifications ensure top-tier road safety—rare for a vintage-style helmet', 'Le Mans 2 SV Solid A1 Matt.jpg', '2025-08-08 04:17:26', NULL),
(105084, 'Rizoma 7/8\" Handlebars', 10500, 23, 5, 12, 7, 'The Rizoma 7/8\" Handlebar is a premium OEM-style replacement made from machined billet aluminum with a high-quality anodized finish. Designed to be lighter than typical steel bars and enhanced with laser-engraved logos and alignment markers, it balances refined Italian craftsmanship with recognizable Rizoma styling and performance.', 'Billet-aluminum construction delivers superior strength and significant weight reduction! Premium anodized finish offers corrosion resistance and a sleek aesthetic! Laser-engraved Rizoma logo and alignment markers support precise fitment and polished appeal! Precision-machined 7/8\" outer diameter ensures compatibility with standard controls and accessories! TÜV certified for reliable structural performance under real-world conditions', 'Rizoma 7 8 Handlebars.jpg', '2025-08-08 04:26:08', NULL),
(105085, 'Motul Classic Straight Weight Oil', 2900, 24, 5, 15, 60, 'This is a mineral monograde (straight-weight) engine oil, meticulously formulated with modern technology to support older vehicles. Specifically engineered for vintage four-stroke engines—such as pre‑1950 classics and hot rods—it blends traditional viscosity with updated anti-wear chemistry to safeguard older cams and bearings.', 'SAE 50 viscosity delivers stable oil pressure and excellent high‑heat performance—ideal for air‑cooled engines! Low-dissolved detergents reduce internal engine wear in older designs! High ZDDP content provides robust protection for flat‑tappet and high‑lift camshafts! Adheres quickly on startup, offering immediate lubrication to critical components! Offers engine protection in both running and storage conditions—a smart choice for seasonal rides', 'Motul Classic Straight Weight Oil.jpg', '2025-08-08 04:30:53', NULL),
(105086, 'Motul Chain Care Kit', 4600, 24, 5, 15, 20, 'This all‑in‑one kit combines Motul’s professional-grade chain cleaner and lube with essential tools for hassle‑free chain maintenance. Designed for use on road or off‑road bikes and compatible with O‑ring, X‑ring, and standard roller chains, it keeps your drivetrain clean, lubricated, and performing optimally.', 'Includes Motul C1 Chain Clean aerosol to dissolve heavy grime and road gunk without harming chain seals or rings! Comes with either Motul C2 (road) or C3 (off‑road) Chain Lube in 9.3 oz aerosol—for high‑adhesion lubrication tailored to your terrain! Chain brush and nitrile gloves included for clean, mess‑free application! Motul decal adds a touch of branded styling to your toolbox! Safe for all chain types—O‑ring, X‑ring, and standard roll‑on designs', 'Motul Chain Care Kit.jpg', '2025-08-08 04:32:43', NULL),
(105087, 'Motul C1 Chain Clean', 1200, 24, 5, 15, 40, 'Motul C1 Chain Clean is a high-performance aerosol degreaser engineered to dissolve deeply encrusted dirt, sand, oil, and grime from the chain. Its pressurized spray penetrates tight links, evaporates quickly, and is gentle enough for sensitive chain seal designs, making it ideal for maintaining both street and off‑road chains.', 'Chlorine‑free, high‑power degreasing formula removes stubborn dirt without damaging O‑ring, X‑ring, or Z‑ring chains! Pressurized aerosol spray penetrates deep under pressure for thorough cleaning! Evaporates rapidly, leaving no residue for safe, clean maintenance! Compatible with all chain types and various vehicles like bikes, ATVs, go‑karts, and mopeds', 'Motul C1 Chain Clean.jpg', '2025-08-08 04:41:38', NULL),
(105088, 'Rizoma Club Turn Signal', 7500, 23, 5, 14, 100, 'The Rizoma CLUB turn signal blends timeless motorcycle styling with cutting-edge LED performance. Featuring a sleek, aerodynamic silhouette and premium metal construction, it delivers a refined look with reliable functionality. Designed for universal fitment, it comes with bullet-style connectors for straightforward installation and offers optional adapters for a cleaner, plug-and-play setup. Perfect for riders who want to add both class and visibility to their bike.', 'Sophisticated LED indicator with a vintage-inspired design!\r\nPremium metal body with high-quality surface finishes!\r\nBullet-style connectors for quick and easy wiring!\r\nUniversal fitment and sold individually for flexible customization!\r\nOptional adapters and mounting plates available for seamless installation', 'Rizoma Club Turn Signal.jpg', '2025-08-11 15:29:11', NULL),
(105089, 'Motul 300V Synthetic Engine Oil - 1 Liter', 2650, 24, 5, 15, 29, 'The Motul 300V 4T 10W-40 is a performance-grade, fully synthetic engine oil purpose-built for high-strung motorcycle engines. Featuring advanced ESTER Core Technology, it delivers boosted power output and exceptional engine protection even under demanding riding conditions. With superior wear resistance, heat control at high RPMs, and extreme-pressure guarding for gear protection, this oil ensures confidence-inspiring performance for spirited rides.', 'ESTER Core Technology ensures maximum power delivery!\r\nOutstanding anti-wear and extreme-pressure protection at high RPM!\r\nSuperior heat control in tough riding conditions!\r\nExtreme gear protection under failure-load stages', 'Motul 300V Synthetic Engine Oil 1 Liter.jpg', '2025-08-11 15:35:08', NULL),
(105090, 'G310 R/GS 18-24 Race R-77 Stainless Full Exhaust, w/ Stainless Muffler', 63000, 26, 5, 17, 4, 'The Yoshimura R-77 Race Series Full Exhaust System is engineered for the BMW G310R and G310GS (2018–2020), delivering a significant performance boost. Utilizing Yoshimura\'s race-proven R-77 profile, this system enhances horsepower by 4.9% and torque by 5.6%, while reducing weight by over 50% compared to the stock exhaust. The system features a trapezoid-shaped muffler with a straight, single-core baffle, and is finished with Yoshimura\'s proprietary Works Finish, which develops a unique coloration after heat cycling, reminiscent of factory racing components.', 'Race-proven R-77 profile tuned for 310cc single-cylinder performance!\r\nIncreases max horsepower by 4.9% and torque by 5.6%!\r\nReduces weight by over 50% compared to stock!\r\nTrapezoid-shaped muffler with straight, single-core baffle!\r\nFinished with Yoshimura’s Works Finish for a unique, durable appearance', 'G310 RGS 18-24 Race R-77 Stainless Full Exhaust, w Stainless Muffler.webp', '2025-08-11 15:44:21', NULL),
(105091, 'IBEX / MT 450 2025 RS-12 ADV Stainless Slip-On Exhaust w/ Stainless Muffler', 62000, 26, 5, 17, 6, 'The Yoshimura IBEX RS-12 ADV Slip-On Exhaust is engineered for adventure riders seeking enhanced performance and durability. Featuring a stainless steel construction, this exhaust system offers improved exhaust flow, resulting in increased horsepower and torque. Its robust design ensures longevity and resistance to the elements, making it suitable for various riding conditions. The slip-on design allows for easy installation, providing a hassle-free upgrade to your motorcycle\'s exhaust system.', 'Stainless steel construction for enhanced durability!\r\nImproved exhaust flow increases horsepower and torque!\r\nDesigned for easy installation with a slip-on fitment!\r\nSuitable for various riding conditions, offering versatility!\r\nRobust design ensures longevity and resistance to the elements', 'IBEX__MT_450_2025_RS-12_ADV_Stainless_SlipOn_Exhaust_w_Stainless_Muffler-removebg-preview.png', '2025-08-11 15:48:55', NULL);
INSERT INTO `motoproducts` (`product_id`, `name`, `price`, `brand_fid`, `category_fid`, `sub_cat_fid`, `stock`, `description`, `features`, `image`, `timestamp`, `discount_percent`) VALUES
(105092, 'DUNE NEO TRAIL OFFROAD JACKET', 7000, 29, 4, 2, 4, 'The Rynox Dune Neo Trail Offroad Jacket is built for rugged off-road adventures, combining durable materials with modern comfort features. It uses abrasion-resistant textile panels and reinforced stitching to withstand tough trails. The jacket offers multiple adjustable vents for airflow, keeping riders cool during intense rides. With CE-certified armor in key impact zones and a comfortable fit system, it balances protection with mobility perfectly.', 'Abrasion-resistant textile and reinforced stitching for durability!\r\nAdjustable ventilation panels for customizable airflow!\r\nCE-certified armor in shoulders, elbows, and back for impact protection!\r\nComfortable fit system allowing unrestricted movement!\r\nMultiple pockets provide practical storage options', 'DUNE NEO TRAIL OFFROAD JACKET.webp', '2025-08-11 16:17:50', NULL),
(105093, 'FUSION NEO OFFROAD JERSEY', 2700, 29, 4, 2, 15, 'The Rynox Fusion Neo Offroad Jersey combines lightweight, breathable fabrics with a durable build designed for offroad riding. Its moisture-wicking material helps keep riders dry and comfortable during long sessions. With stretch panels for enhanced mobility and a relaxed fit, it allows freedom of movement on tough trails. The jersey’s rugged construction ensures it can withstand the demands of aggressive riding while maintaining comfort.', 'Lightweight and breathable moisture-wicking fabric keeps you dry!\r\nStretch panels enhance mobility and flexibility!\r\nRelaxed fit for unrestricted movement during rides!\r\nDurable construction stands up to rugged offroad use!\r\nDesigned to balance comfort and performance for trail riding', 'FUSION NEO OFFROAD JERSEY.webp', '2025-08-11 16:28:14', NULL),
(105094, 'RIDGE PRO OFFROAD GLOVES - Black Red', 2500, 29, 4, 10, 20, 'The Rynox Ridge Pro Offroad Gloves are designed for durability and comfort on demanding trails. Constructed with abrasion-resistant materials and reinforced palm protection, they offer excellent grip and control. The gloves feature breathable mesh panels to keep hands cool and a pre-curved fit that reduces rider fatigue. With adjustable wrist straps for a secure fit, these gloves deliver reliable performance during intense offroad rides.', 'Abrasion-resistant materials and reinforced palm for durability!\r\nBreathable mesh panels maintain ventilation and comfort!\r\nPre-curved design reduces hand fatigue during long rides!\r\nAdjustable wrist straps ensure a secure and customizable fit!\r\nEnhanced grip and control for offroad conditions', 'RIDGE PRO OFFROAD GLOVES.webp', '2025-08-11 16:30:02', NULL),
(105095, 'RIDGE PRO OFFROAD GLOVES - Black', 2500, 29, 4, 10, 19, 'The Rynox Ridge Pro Offroad Gloves are designed for durability and comfort on demanding trails. Constructed with abrasion-resistant materials and reinforced palm protection, they offer excellent grip and control. The gloves feature breathable mesh panels to keep hands cool and a pre-curved fit that reduces rider fatigue. With adjustable wrist straps for a secure fit, these gloves deliver reliable performance during intense offroad rides.', 'Abrasion-resistant materials and reinforced palm for durability!\r\nBreathable mesh panels maintain ventilation and comfort!\r\nPre-curved design reduces hand fatigue during long rides!\r\nAdjustable wrist straps ensure a secure and customizable fit!\r\nEnhanced grip and control for offroad conditions', 'RIDGE PRO OFFROAD GLOVES Black.webp', '2025-08-11 16:31:25', NULL),
(105096, 'BASTION BIONIC KNEE GUARDS', 5000, 29, 4, 22, 13, 'The Rynox Bastion Bionic Knee Guards provide advanced protection and comfort for offroad riders. Featuring a robust hard shell combined with flexible impact-absorbing foam, these guards shield knees against rocks and debris while maintaining mobility. The ergonomic design includes adjustable straps and a ventilated backing to ensure a secure fit and breathability. Ideal for aggressive trail riding where safety and freedom of movement are essential.', 'Hard shell construction offers superior impact protection!\r\nFlexible foam padding absorbs shocks and enhances comfort!\r\nAdjustable straps provide a secure, customizable fit!\r\nVentilated backing improves airflow to reduce heat buildup!\r\nErgonomic design balances protection with mobility', 'BASTION BIONIC KNEE GUARDS.webp', '2025-08-11 16:32:43', NULL),
(105097, 'NAVIGATOR HYDRATION BACKPACK', 4000, 29, 4, 22, 21, 'The Rynox Navigator Hydration Backpack is designed for offroad riders and adventurers who need reliable hydration on the go. It features a lightweight, ergonomic design with adjustable straps for a comfortable, secure fit. The backpack includes a high-capacity hydration bladder for long rides and multiple compartments to organize essentials. Durable, abrasion-resistant materials and breathable mesh panels keep you comfortable and protected during rugged outdoor activities.', 'Lightweight ergonomic design with adjustable straps for comfort!\r\nHigh-capacity hydration bladder ensures consistent hydration!\r\nMultiple compartments provide organized storage for gear!\r\nAbrasion-resistant materials deliver durability in tough conditions!\r\nBreathable mesh panels enhance airflow and reduce sweat buildup', 'NAVIGATOR HYDRATION BACKPACK.webp', '2025-08-11 16:34:01', NULL),
(105098, 'DUNE NEO OFFROAD PANTS', 7000, 29, 4, 8, 3, 'The Rynox Dune Neo Offroad Pants are designed to withstand the rigors of trail riding with durable, abrasion-resistant fabrics and reinforced stitching. These pants offer excellent breathability through strategically placed vents, ensuring comfort during intense rides. With an ergonomic fit and adjustable waist system, they provide both freedom of movement and a secure fit. Ideal for riders seeking protection and performance on challenging offroad terrain.', 'Abrasion-resistant fabric and reinforced stitching for durability!\r\nStrategically placed ventilation panels promote airflow!\r\nErgonomic fit supports unrestricted movement!\r\nAdjustable waist system for a secure, customizable fit!\r\nDesigned to balance protection with comfort for offroad riding', 'DUNE NEO OFFROAD PANTS.webp', '2025-08-11 16:37:27', NULL),
(105099, '  DUNE NEO OFFROAD PANTS - Grey', 7000, 29, 4, 8, 7, 'The Rynox Dune Neo Offroad Pants in Black and Hi-Viz Green combine rugged durability with enhanced visibility for offroad riders. Constructed with abrasion-resistant fabrics and reinforced stitching, these pants withstand tough trails while keeping you safe. Ventilation panels promote airflow to keep you cool, while an adjustable waist system ensures a comfortable, secure fit. Designed for offroad riders who demand protection, comfort, and style in one package.', 'Abrasion-resistant construction with reinforced stitching for durability!\r\nVentilation panels enhance breathability and rider comfort!\r\nAdjustable waist system for a tailored, secure fit!\r\nHigh-visibility color accents improve rider safety!\r\nErgonomic design balances protection and mobility', 'DUNE NEO OFFROAD PANTS Grey.webp', '2025-08-11 16:38:52', NULL),
(105100, 'Dainese Dry Long Socks', 3300, 30, 4, 9, 39, 'The Dainese Dry Long Socks are designed to provide all-day comfort and moisture management for motorcycle riders. Made with breathable, quick-drying fabric, these socks keep feet dry and comfortable during long rides. The anatomical fit offers excellent support and reduces fatigue, while reinforced areas enhance durability in high-wear zones. Ideal for riders looking to improve comfort without sacrificing protection.', 'Breathable, quick-drying fabric maintains dry feet!\r\nAnatomical fit supports the foot and reduces fatigue!\r\nReinforced zones enhance durability where needed!\r\nLightweight design ensures comfort without bulk!\r\nIdeal for long rides and daily use', 'Dainese Dry Long Socks.jpg', '2025-08-11 16:44:47', NULL),
(105107, 'Dainese Tosa Perforated Race Suit', 75000, 30, 4, 7, 10, 'The Dainese Tosa Perforated Race Suit is crafted for riders seeking top-tier protection combined with maximum ventilation. Constructed from premium perforated leather, it offers excellent airflow to keep riders cool during aggressive track sessions. The suit integrates composite protectors certified to CE standards on shoulders, elbows, and knees, along with a built-in chest protector pocket for added safety. Its ergonomic design and pre-curved fit ensure comfort and freedom of movement on the bike.', 'Premium perforated leather for superior ventilation!\r\nCE-certified composite protectors on shoulders, elbows, and knees!\r\nBuilt-in pocket for optional chest protector!\r\nErgonomic pre-curved design for comfort and mobility!\r\nIdeal for track riding and high-performance use', 'Dainese Tosa Perforated Race Suit.jpg', '2025-08-27 02:59:52', NULL),
(105108, 'Laguna Seca 5 Perforated Race Suit', 118000, 30, 4, 7, 4, 'The Dainese Laguna Seca 5 Perforated Race Suit delivers exceptional protection and airflow for high-performance track riders. Made from premium perforated leather, it offers superior ventilation to keep the rider cool under intense conditions. CE-certified composite protectors guard shoulders, elbows, and knees, while a built-in chest protector pocket provides additional safety options. The suit features an ergonomic, pre-curved design that enhances comfort and freedom of movement during aggressive riding.', 'Premium perforated leather construction ensures excellent ventilation!\nCE-certified composite protectors on shoulders, elbows, and knees!\nBuilt-in chest protector pocket for added protection!\nErgonomic pre-curved design for enhanced comfort and mobility!\nOptimized for track and race performance', 'Laguna Seca 5 Perforated Race Suit.jpg', '2025-08-27 03:03:00', 0),
(105109, 'Dainese Hard Shorts E1', 11000, 30, 4, 8, 3, 'The Dainese Hard Shorts E1 are designed to offer lightweight impact protection for riders seeking mobility without sacrificing safety. Constructed with rigid composite inserts, these shorts provide effective protection for the hips and tailbone. The breathable fabric and ergonomic design ensure comfort during extended rides. Ideal for riders who want discreet yet reliable armor for daily commuting or sport riding.', 'Rigid composite inserts deliver robust impact protection!\nBreathable fabric enhances comfort and airflow!\nErgonomic design promotes freedom of movement!\nLightweight construction for all-day wearability!\nPerfect for daily commuting and sport riding', 'Dainese Hard Shorts E1.jpg', '2025-08-27 03:05:23', 0),
(105110, 'Scorpion EXO-R1 Air Helmet - Solid', 42000, 34, 2, 1, 3, 'The Scorpion EXO-R1 Air Helmet blends advanced safety features with aerodynamic design for serious riders. Its lightweight polycarbonate shell includes an integrated airflow system with intake and exhaust vents to maximize cooling. The helmet features a KwikWick II moisture-wicking liner for comfort, a Quick Release Shield mechanism for easy visor changes, and meets DOT and Snell certifications for reliable protection on the road and track.', 'Lightweight polycarbonate shell for impact resistance!\nAdvanced airflow system with intake and exhaust vents!\nKwikWick II moisture-wicking liner enhances comfort!\nQuick Release Shield mechanism allows fast visor swaps!\nDOT and Snell certified for high-level safety', 'Scorpion EXO-R1 Air Helmet Solid.jpg', '2025-08-27 03:08:27', 0),
(105111, 'Scorpion EXO-R1 Air / R330 / ST1400 / T520 Face Shield', 3000, 34, 2, 6, 6, 'The Scorpion EXO-R1 Air R330/ST1400/T520 Face Shield offers crystal-clear optics and superior impact resistance for a secure riding experience. Designed to fit multiple Scorpion helmet models, this shield features an anti-scratch coating to maintain visibility and a quick-release system for easy replacement. It also supports Pinlock inserts to prevent fogging, ensuring clear vision in varying weather conditions.', 'Crystal-clear optics for enhanced visibility!\nImpact-resistant construction improves safety!\nAnti-scratch coating maintains shield clarity!\nQuick-release system allows fast and easy replacement!\nCompatible with Pinlock inserts to reduce fogging', 'Scorpion EXO-R1 Air R330 ST1400 T520 Face Shield.jpg', '2025-08-27 03:09:18', 0);

-- --------------------------------------------------------

--
-- Table structure for table `orders`
--

CREATE TABLE `orders` (
  `prim_id` int(255) NOT NULL,
  `bulk_id` int(255) NOT NULL,
  `user_id` int(11) NOT NULL,
  `product_id` int(255) NOT NULL,
  `name` char(255) NOT NULL,
  `email` varchar(255) NOT NULL,
  `ph_num` bigint(10) NOT NULL,
  `alt_ph_num` bigint(10) NOT NULL,
  `prod_name` varchar(255) NOT NULL,
  `prod_price` int(255) NOT NULL,
  `prod_quantity` int(255) NOT NULL,
  `street_name` varchar(255) NOT NULL,
  `tole` varchar(255) NOT NULL,
  `municipality` char(255) NOT NULL,
  `district` char(255) NOT NULL,
  `payment_method` char(255) NOT NULL,
  `placed_date` timestamp NOT NULL DEFAULT current_timestamp()
) ENGINE=InnoDB DEFAULT CHARSET=utf8mb4 COLLATE=utf8mb4_general_ci;

--
-- Dumping data for table `orders`
--

INSERT INTO `orders` (`prim_id`, `bulk_id`, `user_id`, `product_id`, `name`, `email`, `ph_num`, `alt_ph_num`, `prod_name`, `prod_price`, `prod_quantity`, `street_name`, `tole`, `municipality`, `district`, `payment_method`, `placed_date`) VALUES
(80, 18081856, 18, 67, 'James Wilson', 'jameswilson@gmail.com', 9820202020, 0, 'Motul DOT 4 Brake Fluid 100ml', 175, 1, 'Elm Street', 'Greenview Heights', 'Willowbrook Township', 'Massachussets', 'Cash-on-Delivery', '2025-08-18 13:00:15'),
(81, 18081856, 18, 80, 'James Wilson', 'jameswilson@gmail.com', 9820202020, 0, 'Alpinestars Tech 3 Motocross Boots Black', 42075, 1, 'Elm Street', 'Greenview Heights', 'Willowbrook Township', 'Massachussets', 'Cash-on-Delivery', '2025-08-18 13:00:15'),
(82, 18081856, 18, 68, 'James Wilson', 'jameswilson@gmail.com', 9820202020, 0, 'K-Tech RCU Razor-R Lite Rear Shock for Honda CRF300L', 60000, 1, 'Elm Street', 'Greenview Heights', 'Willowbrook Township', 'Massachussets', 'Cash-on-Delivery', '2025-08-18 13:00:15');

-- --------------------------------------------------------

--
-- Table structure for table `review`
--

CREATE TABLE `review` (
  `review_id` int(255) NOT NULL,
  `user_id` int(255) NOT NULL,
  `product_id` int(255) NOT NULL,
  `description` varchar(255) NOT NULL,
  `rating` varchar(255) NOT NULL,
  `review_date` timestamp NOT NULL DEFAULT current_timestamp()
) ENGINE=InnoDB DEFAULT CHARSET=utf8mb4 COLLATE=utf8mb4_general_ci;

--
-- Dumping data for table `review`
--

INSERT INTO `review` (`review_id`, `user_id`, `product_id`, `description`, `rating`, `review_date`) VALUES
(44, 17, 12, 'Great Product', '5', '2025-03-01 15:19:53'),
(45, 16, 12, 'Uncomfortable', '3', '2025-03-01 15:20:28'),
(46, 18, 12, 'Excellent product', '5', '2025-03-01 16:49:36'),
(55, 16, 10, 'Stylish', '5', '2025-08-18 12:15:01');

-- --------------------------------------------------------

--
-- Table structure for table `sub_category`
--

CREATE TABLE `sub_category` (
  `sub_cat_id` int(255) NOT NULL,
  `cat_id` int(255) NOT NULL,
  `name` varchar(255) NOT NULL,
  `image` varchar(255) NOT NULL
) ENGINE=InnoDB DEFAULT CHARSET=utf8mb4 COLLATE=utf8mb4_general_ci;

--
-- Dumping data for table `sub_category`
--

INSERT INTO `sub_category` (`sub_cat_id`, `cat_id`, `name`, `image`) VALUES
(1, 2, 'Full Face', 'full.png'),
(2, 4, 'Upper Wear', 'jacket.png'),
(4, 2, 'Half Helmet', 'half.png'),
(5, 2, 'Motocross', 'dirt.png'),
(6, 2, 'Visors', 'visor-helmet.png'),
(7, 4, 'Motorcycle Suits', 'race-suit.png'),
(8, 4, 'Trousers', 'trouser.png'),
(9, 4, 'Shoes & Socks', 'boots.png'),
(10, 4, 'Gloves', 'gear.png'),
(11, 4, 'Goggles', 'goggles.png'),
(12, 5, 'Handlebars', 'motorcycle.png'),
(13, 5, 'Brakes', 'brakes.png'),
(14, 5, 'Motorcycle Lights', 'turn-signal.png'),
(15, 5, 'Oils & Lubricants', 'engine-oil.png'),
(16, 5, 'Suspension', 'suspension.png'),
(17, 5, 'Exhausts', 'exhaust.png'),
(18, 5, 'Tyres', 'tyre.png'),
(19, 4, 'Masks and Caps', 'mask.png'),
(20, 2, 'Modular', 'modular.png'),
(21, 5, 'Handle Grips', 'grip.jpg'),
(22, 4, 'Protection', 'protection.png');

-- --------------------------------------------------------

--
-- Table structure for table `user`
--

CREATE TABLE `user` (
  `id` int(255) NOT NULL,
  `name` char(255) NOT NULL,
  `email` varchar(255) NOT NULL,
  `password` varchar(255) NOT NULL,
  `phone_number` bigint(10) NOT NULL,
  `address` varchar(255) NOT NULL,
  `reg_date` timestamp NOT NULL DEFAULT current_timestamp()
) ENGINE=InnoDB DEFAULT CHARSET=utf8mb4 COLLATE=utf8mb4_general_ci;

--
-- Dumping data for table `user`
--

INSERT INTO `user` (`id`, `name`, `email`, `password`, `phone_number`, `address`, `reg_date`) VALUES
(16, 'Chris', 'chrisbhaila5@gmail.com', 'Chris@123', 9844379971, 'Suryabinayak', '2025-02-26 10:39:44'),
(17, 'John Doe', 'johndoe@gmail.com', 'John@123', 9801010101, 'Willowbrook', '2025-02-25 05:29:12'),
(18, 'James Wilson', 'jameswilson@gmail.com', 'James@123', 9820202020, 'Elm Street', '2025-03-01 16:48:38'),
(20, 'Ava Clark', 'avaclark@gmail.com', 'Avaclark@123', 9840404040, '', '2025-03-04 04:31:14'),
(21, 'User', 'user@gmail.com', 'User@123', 9810101010, '', '2025-07-29 06:58:12');

--
-- Indexes for dumped tables
--

--
-- Indexes for table `admin`
--
ALTER TABLE `admin`
  ADD PRIMARY KEY (`aid`);

--
-- Indexes for table `brands`
--
ALTER TABLE `brands`
  ADD PRIMARY KEY (`brand_id`),
  ADD KEY `idx_brand_name` (`name`);

--
-- Indexes for table `categories`
--
ALTER TABLE `categories`
  ADD PRIMARY KEY (`category_id`);

--
-- Indexes for table `c_orders`
--
ALTER TABLE `c_orders`
  ADD PRIMARY KEY (`prim_id`);

--
-- Indexes for table `motoproducts`
--
ALTER TABLE `motoproducts`
  ADD PRIMARY KEY (`product_id`),
  ADD KEY `brand_fid` (`brand_fid`),
  ADD KEY `category_fid` (`category_fid`),
  ADD KEY `fk_sub_id` (`sub_cat_fid`),
  ADD KEY `idx_brand_fid` (`brand_fid`),
  ADD KEY `idx_stock` (`stock`),
  ADD KEY `idx_name` (`name`),
  ADD KEY `idx_stock_id` (`stock`,`product_id`);

--
-- Indexes for table `orders`
--
ALTER TABLE `orders`
  ADD PRIMARY KEY (`prim_id`);

--
-- Indexes for table `review`
--
ALTER TABLE `review`
  ADD PRIMARY KEY (`review_id`),
  ADD KEY `user_id` (`user_id`),
  ADD KEY `product_id` (`product_id`),
  ADD KEY `idx_product_id` (`product_id`),
  ADD KEY `idx_user_id` (`user_id`),
  ADD KEY `idx_product_date` (`product_id`,`review_date`),
  ADD KEY `idx_review_date` (`review_date`);

--
-- Indexes for table `sub_category`
--
ALTER TABLE `sub_category`
  ADD PRIMARY KEY (`sub_cat_id`),
  ADD KEY `fk_sub_cat` (`cat_id`);

--
-- Indexes for table `user`
--
ALTER TABLE `user`
  ADD PRIMARY KEY (`id`),
  ADD KEY `idx_user_name` (`name`);

--
-- AUTO_INCREMENT for dumped tables
--

--
-- AUTO_INCREMENT for table `admin`
--
ALTER TABLE `admin`
  MODIFY `aid` int(255) NOT NULL AUTO_INCREMENT, AUTO_INCREMENT=3;

--
-- AUTO_INCREMENT for table `brands`
--
ALTER TABLE `brands`
  MODIFY `brand_id` int(11) NOT NULL AUTO_INCREMENT, AUTO_INCREMENT=35;

--
-- AUTO_INCREMENT for table `categories`
--
ALTER TABLE `categories`
  MODIFY `category_id` int(11) NOT NULL AUTO_INCREMENT, AUTO_INCREMENT=8;

--
-- AUTO_INCREMENT for table `c_orders`
--
ALTER TABLE `c_orders`
  MODIFY `prim_id` int(255) NOT NULL AUTO_INCREMENT, AUTO_INCREMENT=28;

--
-- AUTO_INCREMENT for table `motoproducts`
--
ALTER TABLE `motoproducts`
  MODIFY `product_id` int(11) NOT NULL AUTO_INCREMENT, AUTO_INCREMENT=105112;

--
-- AUTO_INCREMENT for table `orders`
--
ALTER TABLE `orders`
  MODIFY `prim_id` int(255) NOT NULL AUTO_INCREMENT, AUTO_INCREMENT=83;

--
-- AUTO_INCREMENT for table `review`
--
ALTER TABLE `review`
  MODIFY `review_id` int(255) NOT NULL AUTO_INCREMENT, AUTO_INCREMENT=56;

--
-- AUTO_INCREMENT for table `sub_category`
--
ALTER TABLE `sub_category`
  MODIFY `sub_cat_id` int(255) NOT NULL AUTO_INCREMENT, AUTO_INCREMENT=23;

--
-- AUTO_INCREMENT for table `user`
--
ALTER TABLE `user`
  MODIFY `id` int(255) NOT NULL AUTO_INCREMENT, AUTO_INCREMENT=22;

--
-- Constraints for dumped tables
--

--
-- Constraints for table `motoproducts`
--
ALTER TABLE `motoproducts`
  ADD CONSTRAINT `motoproducts_ibfk_1` FOREIGN KEY (`brand_fid`) REFERENCES `brands` (`brand_id`),
  ADD CONSTRAINT `motoproducts_ibfk_2` FOREIGN KEY (`category_fid`) REFERENCES `categories` (`category_id`),
  ADD CONSTRAINT `motoproducts_ibfk_3` FOREIGN KEY (`sub_cat_fid`) REFERENCES `sub_category` (`sub_cat_id`);

--
-- Constraints for table `review`
--
ALTER TABLE `review`
  ADD CONSTRAINT `review_ibfk_1` FOREIGN KEY (`user_id`) REFERENCES `user` (`id`),
  ADD CONSTRAINT `review_ibfk_2` FOREIGN KEY (`product_id`) REFERENCES `motoproducts` (`product_id`);

--
-- Constraints for table `sub_category`
--
ALTER TABLE `sub_category`
  ADD CONSTRAINT `sub_category_ibfk_1` FOREIGN KEY (`cat_id`) REFERENCES `categories` (`category_id`);
COMMIT;

/*!40101 SET CHARACTER_SET_CLIENT=@OLD_CHARACTER_SET_CLIENT */;
/*!40101 SET CHARACTER_SET_RESULTS=@OLD_CHARACTER_SET_RESULTS */;
/*!40101 SET COLLATION_CONNECTION=@OLD_COLLATION_CONNECTION */;
